lotID,supplierID,beanID,arrivalDate,quantityKg,costPerKg
BL0001,S021,B036,2015-04-04,18000.0,17.49
BL0002,S016,B135,2015-04-04,18000.0,11.02
BL0003,S103,B022,2010-05-31,5.0,16.69
BL0004,S191,B127,2015-03-26,19200.0,14.77
BL0005,S007,B102,2015-04-04,18000.0,11.58
BL0006,S012,B192,2013-09-03,3000.0,10.36
BL0007,S070,B157,2012-09-17,6900.0,9.99
BL0008,S153,B072,2010-09-02,18000.0,12.07
BL0009,S070,B043,2010-09-02,18000.0,14.41
BL0010,S065,B130,2015-03-30,3000.0,15.64
BL0011,S102,B173,2015-03-27,18000.0,7.24
BL0012,S152,B161,2015-03-13,10.0,10.84
BL0013,S009,B021,2015-03-13,10.0,5.94
BL0014,S194,B159,2010-05-31,1.0,7.94
BL0015,S115,B052,2010-08-31,18000.0,8.14
BL0016,S070,B082,2015-03-13,10.0,14.31
BL0017,S186,B108,2010-05-31,2.0,10.46
BL0018,S039,B051,2010-06-16,900.0,9.93
BL0019,S130,B035,2016-04-07,180.0,15.27
BL0020,S131,B169,2015-03-25,15000.0,9.63
BL0021,S129,B144,2015-03-13,10.0,8.05
BL0022,S039,B083,2014-04-02,340.0,5.82
BL0023,S025,B020,2012-07-26,14.0,8.34
BL0024,S122,B110,2015-03-13,10.0,14.12
BL0025,S181,B158,2013-09-03,6000.0,11.59
BL0026,S087,B076,2011-12-03,180.0,7.47
BL0027,S184,B093,2010-06-16,900.0,7.92
BL0028,S141,B103,2014-06-26,6000.0,14.28
BL0029,S013,B114,2017-05-18,18975.0,12.13
BL0030,S173,B067,2016-05-18,1000.0,5.46
BL0031,S120,B192,2010-05-18,1650.0,7.0
BL0032,S075,B082,2013-09-03,6000.0,13.12
BL0033,S123,B072,2011-12-03,1740.0,6.02
BL0034,S065,B042,2015-12-03,227.5,16.39
BL0035,S099,B190,2015-03-27,19200.0,11.95
BL0036,S138,B034,2014-05-30,320.0,16.44
BL0037,S083,B199,2012-04-06,453.6,15.33
BL0038,S085,B071,2011-01-28,1134.0,10.27
BL0039,S198,B168,2010-06-17,1800.0,10.1
BL0040,S163,B145,2015-03-13,10.0,7.13
BL0041,S077,B195,2012-04-12,53.0,15.96
BL0042,S141,B051,2011-01-04,18000.0,9.23
BL0043,S074,B033,2011-01-04,18000.0,5.1
BL0044,S196,B170,2015-06-10,150.0,17.68
BL0045,S154,B183,2015-01-29,720.0,5.96
BL0046,S093,B138,2011-12-03,420.0,5.38
BL0047,S156,B184,2014-10-01,60.0,9.22
BL0048,S170,B137,2014-03-20,2.0,14.16
BL0049,S162,B005,2014-02-06,1.0,13.18
BL0050,S142,B020,2012-02-13,60.0,10.95
BL0051,S130,B009,2010-06-17,1800.0,12.8
BL0052,S015,B028,2010-05-31,2.0,5.42
BL0053,S120,B027,2016-05-16,5520.0,8.28
BL0054,S028,B158,2014-06-30,60.0,12.31
BL0055,S170,B161,2013-07-26,19250.0,14.5
BL0056,S114,B152,2017-10-09,2220.0,16.1
BL0057,S078,B158,2015-04-04,19200.0,14.88
BL0058,S072,B149,2012-07-03,150.0,14.57
BL0059,S163,B071,2012-06-05,275.0,16.99
BL0060,S196,B036,2017-06-23,6144000.0,10.73
BL0061,S173,B013,2014-01-22,635.6,16.36
BL0062,S162,B045,2012-10-25,420.0,14.83
BL0063,S013,B024,2013-03-18,550.0,13.14
BL0064,S036,B063,2013-01-12,19.0,14.64
BL0065,S052,B095,2012-04-06,362.88,7.45
BL0066,S090,B033,2015-05-23,6000.0,12.17
BL0067,S094,B054,2015-05-23,960.0,9.76
BL0068,S110,B119,2015-03-31,19200.0,5.33
BL0069,S003,B139,2014-06-26,19200.0,14.91
BL0070,S009,B114,2013-02-26,17250.0,10.05
BL0071,S102,B028,2015-03-31,19200.0,12.96
BL0072,S013,B163,2014-06-26,9000.0,15.98
BL0073,S068,B104,2012-04-06,362.88,17.74
BL0074,S030,B054,2011-12-03,300.0,9.96
BL0075,S148,B105,2010-05-31,2.0,13.96
BL0076,S045,B082,2016-04-06,180.0,10.03
BL0077,S101,B081,2015-05-23,1080.0,7.51
BL0078,S191,B127,2014-05-01,340.0,9.52
BL0079,S054,B081,2014-05-01,340.0,14.43
BL0080,S140,B013,2013-04-19,1200.0,14.28
BL0081,S172,B064,2013-03-12,18000.0,9.66
BL0082,S070,B097,2010-06-17,2160.0,16.04
BL0083,S050,B165,2010-06-17,1800.0,11.55
BL0084,S091,B053,2016-04-27,17250.0,10.39
BL0085,S025,B068,2015-04-08,19250.0,17.95
BL0086,S105,B162,2014-01-17,17500.0,12.0
BL0087,S112,B168,2012-11-26,3240.0,9.86
BL0088,S086,B020,2012-01-18,250.0,7.38
BL0089,S073,B110,2016-08-09,6144000.0,8.97
BL0090,S041,B088,2015-08-18,17500.0,12.97
BL0091,S050,B028,2014-10-07,6000.0,5.37
BL0092,S066,B194,2014-03-10,544.32,6.4
BL0093,S180,B029,2012-03-16,17500.0,9.79
BL0094,S030,B065,2010-12-27,589.68,6.51
BL0095,S048,B113,2010-06-17,2160.0,13.53
BL0096,S028,B180,2010-05-17,0.0,11.67
BL0097,S186,B156,2017-07-24,12000.0,15.06
BL0098,S087,B121,2017-02-15,9450.0,13.1
BL0099,S061,B023,2017-01-30,1656.0,7.56
BL0100,S074,B064,2016-09-21,30.0,11.37
BL0101,S015,B186,2016-05-07,10200.0,11.08
BL0102,S034,B017,2013-04-19,2280.0,6.86
BL0103,S168,B193,2012-02-29,1860.0,14.46
BL0104,S049,B131,2011-04-06,1.0,7.23
BL0105,S070,B164,2011-02-24,680.4,16.57
BL0106,S014,B169,2010-09-07,18975.0,14.29
BL0107,S105,B026,2016-11-25,17010.0,8.16
BL0108,S168,B177,2015-10-26,17640.0,10.39
BL0109,S095,B143,2015-06-09,800.0,10.89
BL0110,S034,B108,2014-12-12,8040.0,16.1
BL0111,S133,B163,2012-12-11,3500.0,7.74
BL0112,S101,B014,2012-07-11,25.0,14.37
BL0113,S132,B152,2011-12-23,240.0,13.06
BL0114,S078,B103,2011-12-03,600.0,10.27
BL0115,S157,B193,2010-08-26,19200.0,9.35
BL0116,S103,B132,2016-05-18,200.0,16.95
BL0117,S176,B052,2014-06-30,60.0,9.26
BL0118,S182,B177,2012-04-06,635.04,16.79
BL0119,S141,B200,2010-06-17,1800.0,14.77
BL0120,S176,B126,2010-06-17,1800.0,5.21
BL0121,S092,B181,2016-06-27,2500.0,13.9
BL0122,S183,B109,2015-06-02,9000.0,5.78
BL0123,S104,B091,2014-04-25,275.0,10.19
BL0124,S175,B013,2011-08-23,17250.0,16.85
BL0125,S140,B119,2010-05-31,12.0,16.9
BL0126,S130,B119,2017-06-26,10350.0,9.37
BL0127,S092,B167,2016-11-24,2.0,10.68
BL0128,S055,B120,2016-11-02,20.0,11.3
BL0129,S030,B181,2016-10-04,1035.0,10.42
BL0130,S041,B029,2016-06-01,4080.0,15.58
BL0131,S005,B089,2015-07-06,22.5,5.97
BL0132,S138,B200,2015-05-23,7500.0,9.63
BL0133,S052,B071,2015-05-23,1380.0,6.03
BL0134,S013,B164,2014-03-05,275.0,7.66
BL0135,S187,B146,2014-01-03,2.0,8.62
BL0136,S003,B096,2013-12-26,300.0,17.15
BL0137,S082,B091,2013-12-20,17500.0,6.23
BL0138,S158,B119,2012-09-16,14100.0,11.57
BL0139,S056,B028,2012-07-17,250.0,14.22
BL0140,S084,B161,2012-07-03,125.0,16.37
BL0141,S176,B053,2012-07-02,80.0,17.72
BL0142,S029,B083,2012-02-13,19200.0,6.4
BL0143,S125,B128,2011-06-14,60.0,16.46
BL0144,S065,B049,2010-06-17,1800.0,16.93
BL0145,S054,B066,2018-01-11,3960.0,13.07
BL0146,S050,B083,2017-01-10,17500.0,6.51
BL0147,S067,B143,2016-12-28,8750.0,13.35
BL0148,S036,B161,2014-07-21,6000.0,17.66
BL0149,S135,B094,2014-05-29,17250.0,16.62
BL0150,S112,B108,2014-03-24,17250.0,16.4
BL0151,S142,B069,2013-12-20,17500.0,14.66
BL0152,S142,B016,2013-12-06,5250.0,12.67
BL0153,S066,B130,2013-08-30,7260.0,6.83
BL0154,S049,B006,2013-07-17,17500.0,14.7
BL0155,S128,B197,2013-03-12,1.0,10.44
BL0156,S008,B181,2012-10-09,17500.0,6.38
BL0157,S148,B109,2011-12-23,2220.0,16.71
BL0158,S110,B019,2011-12-03,2100.0,5.9
BL0159,S058,B117,2017-11-28,5218125.0,7.27
BL0160,S040,B113,2017-03-14,2400000.0,8.37
BL0161,S057,B173,2016-04-06,180.0,15.81
BL0162,S188,B096,2015-07-06,112.5,15.85
BL0163,S026,B018,2015-06-05,550.0,14.62
BL0164,S159,B085,2014-06-16,2.0,9.3
BL0165,S066,B002,2013-02-26,17250.0,8.28
BL0166,S096,B097,2012-09-16,14100.0,12.73
BL0167,S170,B182,2012-07-11,56.0,17.37
BL0168,S174,B117,2012-06-06,250.0,12.03
BL0169,S051,B026,2012-02-16,17250.0,14.79
BL0170,S008,B138,2011-03-23,1620.0,16.65
BL0171,S049,B174,2011-03-22,19200.0,12.75
BL0172,S158,B082,2017-03-23,18975.0,12.26
BL0173,S089,B155,2017-03-14,6000.0,16.24
BL0174,S139,B166,2016-01-25,10640.0,7.5
BL0175,S026,B170,2014-07-09,19250.0,7.91
BL0176,S084,B167,2013-07-10,4.0,10.88
BL0177,S175,B067,2013-01-21,226.8,14.88
BL0178,S178,B021,2012-06-06,69.0,9.41
BL0179,S144,B119,2010-06-17,2160.0,11.98
BL0180,S009,B161,2017-08-03,9000.0,5.25
BL0181,S059,B195,2017-05-11,18150.0,16.55
BL0182,S136,B073,2017-02-20,19250.0,14.1
BL0183,S110,B029,2016-04-04,18975.0,11.86
BL0184,S072,B129,2016-02-16,19250.0,17.4
BL0185,S142,B018,2015-04-29,17500.0,11.81
BL0186,S024,B145,2013-07-19,19250.0,5.51
BL0187,S127,B036,2012-07-27,8000.0,9.11
BL0188,S195,B009,2011-10-28,4500.0,16.32
BL0189,S161,B194,2011-10-28,4800.0,8.65
BL0190,S035,B005,2011-06-14,59.87,17.48
BL0191,S091,B095,2010-04-30,250.0,16.15
BL0192,S010,B187,2017-08-10,50.0,5.83
BL0193,S085,B157,2016-11-02,500.0,16.87
BL0194,S092,B102,2016-08-05,19250.0,6.12
BL0195,S128,B091,2016-05-23,15870.0,13.41
BL0196,S141,B138,2016-04-06,18975.0,12.36
BL0197,S054,B157,2016-04-06,180.0,6.7
BL0198,S005,B106,2015-11-19,19250.0,6.15
BL0199,S130,B114,2015-10-26,17360.0,13.56
BL0200,S049,B161,2015-06-05,550.0,6.14
