productID,productName,productType,description,pricePerKg
1000,Flora Blend Espresso,Medium-Light,"Evaluated as espresso. Sweetly tart, floral-toned. Honeysuckle, oak, dried apricot, dark chocolate, thyme in aroma and small cup. Delicately syrupy body; gently drying, floral-driven finish in the short and sweetly herb-toned in the long. In three parts milk, chocolate, florals and fruit all take center stage, and thyme-like herb notes gently follow. An espresso blend comprised of coffees from Africa and the Asia-Pacific. A.R.C., whose motto is “more than specialty,” rigorously controls three vital elements: sourcing of green coffee, roasting, and, in cafe environments, water quality for brewed coffee. For more information, visit http://www.arc.coffee/en/index.html. A floral-driven straight shot, amplified with notes of stone fruit and chocolate in cappuccino-scaled milk.",90.50
1001,Ethiopia Shakiso Mormora,Medium-Light,"Crisply sweet, cocoa-toned. Lemon blossom, roasted cacao nib, date, rice candy, white peppercorn in aroma and cup. Savory-tart structure; delicate, silky mouthfeel. The richly drying finish leads with cocoa-toned, crisply sweet floral notes in the short and a hint of spice (white peppercorn) in the long. This coffee tied for the third-highest rating in a tasting of 71 organic-certified coffees from Africa for Coffee Review’s November 2017 tasting report. Southern Ethiopia coffees like this one are produced from traditional Ethiopian varieties of Arabica long grown in the region. When processed by the wet or washed method (fruit skin and pulp are removed before drying) they typically express great aromatic complexity and intensity with a particular emphasis on floral notes. Like virtually all southern Ethiopia coffees, this coffee is produced by villagers on small, garden plots interplanted with food and other subsistence crops. Revel Coffee is a micro-roaster located in Billings, Montana. Its motto: “Quality is paramount — a difference you can revel in.” Visit www.revelcoffee.com or call 406-534-9621 for more information. A gently spice-toned, floral- driven wet-processed Ethiopia cup with pleasing notes of cocoa throughout.",47.00
1002,Ethiopia Suke Quto,Medium-Light,"Delicate, sweetly spice-toned. Pink peppercorn, date, myrrh, lavender, roasted cacao nib in aroma and cup. Crisp, spice-toned structure with citrus-like acidity; satiny, very smooth mouthfeel. The crisply sweet finish centers around spice and pungent floral notes. This coffee tied for the third-highest rating in a tasting of 71 organic-certified coffees from Africa for Coffee Review’s November 2017 tasting report. Southern Ethiopia coffees like this one are produced from traditional Ethiopian varieties of Arabica long grown in the region. When processed by the wet or washed method (fruit skin and pulp are removed before drying) they typically express great aromatic complexity and intensity with a particular emphasis on floral notes. Like virtually all southern Ethiopia coffees, this one is produced by villagers on small, garden plots interplanted with food and other subsistence crops. Roast House is a small-batch, quality-focused roaster specializing in farm-direct organic-certified and Fair Trade Certified coffees. Visit roasthousecoffee.com or call 509-995-6500 for more information. Lavender-like flowers and hints of zesty pink peppercorn animate this crisply sweet wet-processed Ethiopia cup.",41.90
1003,Ethiopia Gedeb Halo Beriti,Medium,"Deeply sweet, subtly pungent. Honey, pear, tangerine zest, dark chocolate, pistachio in aroma and cup. Sweet and juicy yet crisp in structure (think ripe pear); plush and buoyant in mouthfeel. Resonant and flavor saturated in the short finish; simplifies around hints of tangerine and pistachio in the long. Southern Ethiopia coffees like this one are produced from distinctive traditional Ethiopian varieties of Arabica long grown in the region. Like virtually all southern Ethiopia coffees, this coffee is produced by villagers on small garden plots interplanted with food and other subsistence crops. Processed by the wet or washed method (fruit skin and pulp are removed before drying). This coffee tied for the highest rating in a tasting of 71 organic-certified coffees from Africa for Coffee Review’s November 2017 tasting report. Big Creek Coffee Roasters is a small, quality-oriented batch roaster located in Montana’s Bitterroot Valley. Visit www.bigcreekcoffeeroasters.com or call 406-375-7508 for more information. A deeply and generously lush cup saved from sentimentality by a crisp, incense-like, slightly savory edge. Very wide range of aromatics.",48.50
1004,Ethiopia Kayon Mountain,Light,"Delicate, richly and sweetly tart. Dried hibiscus, fine musk, almond, sandalwood, raspberry in aroma and cup. Fruit-toned, deeply sweet structure with gently-expressed acidity; buoyant, satiny-smooth mouthfeel. The crisp, flavor-saturated finish is characterized by sweet-tart fruit and floral tones (raspberry, hibiscus). This coffee tied for the second-highest rating in a tasting of 71 organic-certified coffees from Africa for Coffee Review’s November 2017 tasting report. Southern Ethiopia coffees like this one are produced from distinctive traditional Ethiopian varieties of Arabica long grown in the region. Like virtually all southern Ethiopia coffees, this coffee is produced by villagers on small garden plots interplanted with food and other subsistence crops. This is a dry-processed or “natural” coffee, meaning the beans were dried inside the fruit rather than after the fruit has been removed, as is the case with wet-processed or “washed” coffees. Certified USDA organic. Established in 2010, Red Rooster is an organic-certified micro-roaster focusing on socially conscious coffee and high-quality coffee. Visit redroostercoffee.com or call 540-745-7338 for more information. A lively and crisply sweet, fruit-forward natural-processed Ethiopia cup.",51.40
1005,Ethiopia Gelgelu Natural Organic,Medium-Light,"High-toned, floral. Dried apricot, magnolia, almond butter, maple syrup, cherry brandy in aroma and cup. Crisp, sweetly-tart in structure; plush, syrupy mouthfeel. Notes of magnolia and dried apricot dominate in the flavor-laden short finish, with hints of almond butter and fruit brandy in the long. This coffee tied for the second-highest rating in a tasting of 71 organic-certified coffees from Africa for Coffee Review’s November 2017 tasting report. Southern Ethiopia coffees like this one are produced from traditional Ethiopian varieties of Arabica long grown in the region. This is a dry-processed or “natural” Yirgacheffe, meaning the beans were dried inside the fruit rather than after the fruit has been removed, as is the case with wet-processed or “washed” coffees. Certified USDA organic. Willoughby’s Coffee & Tea is a pioneer specialty coffee roaster established in the early 1980s that has gracefully and successfully moved with the times and now offers a menu of extremely refined small-lot, single-origin coffees. Visit www.willoughbyscoffee.com or call 800-388-8400 for more information. A deeply sweet natural-processed Ethiopia cup, with stone fruit and brandy notes as parallel throughlines.",39.70
1006,Ethiopia Hambela Alaka,Medium-Light,"Very delicate, sweetly savory. Lemon verbena, allspice, dried persimmon, dogwood, baker’s chocolate in aroma and cup. Balanced, sweet-savory structure; velvety-smooth mouthfeel. The sweetly herb-toned finish centers on notes of lemon verbena and dried persimmon wrapped in baker’s chocolate. This coffee tied for the second-highest rating in a tasting of 71 organic-certified coffees from Africa for Coffee Review’s November 2017 tasting report. Southern Ethiopia produces distinctive coffees from traditional varieties of Arabica long grown in the region. This lot was processed by the wet or washed method (fruit skin and pulp are removed before drying). Certified USDA organic. Artisan coffee-roasters in the northern California town of Ukiah, Black Oak’s mission is to bring to life each carefully selected coffee’s unique origins. For more information, visit www.blackoakcoffee.com. A delicate, richly sweet wet-processed Ethiopia: spice, herb, fruit and flowers in intricate balance.",51.40
1007,Organic Ethiopia Kirite,Medium-Light,"High-toned, crisply sweet. Lemon blossom, apricot, frankincense, spearmint, roasted cacao nib in aroma and cup. Balanced, complete sweet-savory structure; satiny, full mouthfeel. Sweet spearmint notes carry the cocoa-toned finish, with hints of lemon blossom and apricot. This coffee tied for the second-highest rating in a tasting of 71 organic-certified coffees from Africa for Coffee Review’s November 2017 tasting report. Produced by the METAD farm and mill in southern Ethiopia. Southern Ethiopia produces distinctive coffees from traditional varieties of Arabica long grown in the region. Coffees like this one processed by the wet or washed method (fruit skin and pulp is removed before drying) typically express great aromatic complexity and intensity with a particular emphasis on citrus and floral notes. Ceritifed USDA organic. Wonderstate Coffee, formerly Kickapoo Coffee, is an award-winning roaster based in rural Wisconsin known for their commitment to guaranteeing higher pay for farmers and being the country’s first 100% solar powered roastery. Visit https://wonderstate.com for more information. An inviting wet-processed Ethiopia cup. Invokes a walk through a citrus orchard in spring, with a bonus of sweet herb and cocoa tones.",52.90
1008,Ethiopia Sidama,Medium,"Balanced, sweet-savory. Red currant, roasted cacao nib, clove, blood orange zest, frankincense in aroma and cup. Savory-sweet structure with lively acidity; syrupy mouthfeel. The resonant, spice-toned finish leads with intimations of clove and roasted cacao nib in the short, rounding to rich fruit tones with hints of frankincense in the long. This exceptional coffee was selected as the No. 17 coffee on Coffee Review’s list of the Top 30 Coffees of 2017. This coffee also tied for the highest rating in a tasting of 71 organic-certified coffees from Africa for Coffee Review’s November 2017 tasting report. Southern Ethiopia coffees like this one are produced from distinctive traditional Ethiopian varieties of Arabica long grown in the region. Like virtually all southern Ethiopia coffees, this coffee is produced by villagers on small garden plots interplanted with food and other subsistence crops. This lot was processed by the wet or washed method (fruit skin and pulp are removed before drying). Organic and Fair Trade certified, the latter meaning they were purchased from small-holding farmers at a “fair” or economically sustainable price. Reunion Island Coffee is a quality-oriented roasting company founded by Canadian specialty coffee veteran Peter Pesce. Visit www.reunionislandcoffee.com or call 800-565-5950 for more information. An elegantly expressive, fruit-forward but savory-leaning Ethiopia cup.",37.60
1009,Thiriku AA Kenya,Medium,"Intense; deep, spice-complicated sweetness. Black currant, baker’s chocolate, peppercorn medley, black sage, a hint of lush lily in aroma and cup. Balanced and lively in structure: sweetly tart with a savory edge. Plush, silky mouthfeel. Chocolate moves forward in a resonant, long, lively finish. Produced by the Thiriku Coffee Growers Cooperative Society from trees of the SL-28, SL-34 and Ruiru varieties of Arabica. Processed by a particularly meticulous Kenya variation on the traditional wet or “washed” method, in which skin and fruit flesh are removed from the beans or seeds before they are dried. AA is the highest grade of Kenya coffee based on bean size and freedom from imperfections. Roasted at PT’s Coffee, where the motto is “without the love, it’s just coffee.” Visit www.ptscoffee.com or call 888-678-5282 for more information. Mysterious and extraordinary in the Kenya style: simultaneously sweet, savory, tart and entirely and grandly vibrant.",72.00
1010,Ethiopia Natural Yirgacheffe Tore,Medium-Light,"Deeply crisp, lushly floral. Rose, almond, dark chocolate, lime zest, peppermint in aroma and cup. Tartly sweet with a clear savory edge in structure; plump, juicy mouthfeel. Finish is complex and resonant in the short, consolidating around a fading lime and mint in the long. Southern Ethiopia coffees like this one are produced from distinctive traditional Ethiopian varieties of Arabica long grown in the region. Like virtually all southern Ethiopia coffees, this coffee is produced by villagers on small garden plots interplanted with food and other subsistence crops. Processed by the dry or “natural” method, meaning the beans were dried inside the fruit rather than after the fruit has been removed, as is the case with wet-processed or ""washed"" coffees. Kakalove Café is a nano-roaster located in the small city of Chia-Yi in Taiwan that strives to procure and roast the finest quality coffee. Visit www.kakalovecafe.com.tw or email [email protected] for more information An intense cup, zesty but juicy, alive with rose-like flowers, mint and lime.",38.90
1011,Direct Fair Trade Espresso,Medium-Light,"Evaluated as espresso. Intrigungly complex, balanced. Dark chocolate, molasses, cedar, narcissus, date in aroma and small cup. Satiny-smooth body; sweetly cocoa-toned finish. In three parts milk, floral and cocoa tones lead in the short, while hints of rich date resurface in the long. Coffees in this blend are all fully wet-processed or “washed” and certified organically grown in both Canada and the U.S. Since 1997, Level Ground Trading has been an importer and roaster based in Victoria, Canada, focused on direct trade with small-scale producers in developing countries and on marketing their products throughout North America. Visit www.levelground.com or call 888-565-6633 for more information. A solid espresso blend equally pleasing as a straight shot and in milk.",28.20
1012,Decaf Ethiopia Sidamo,Medium,"Surprising and melodic, delicate yet vivid. Lilac and lemon blossom, fresh sweet grass, honey, moist pipe tobacco, fresh-cut elm in aroma and cup. In structure subtly and sweetly tart. Very light, silky mouthfeel. Unexpectedly rich and flavor-saturated in the finish: pipe tobacco, honey, lemon blossom. Southern Ethiopia coffees like this one are produced from distinctive traditional Ethiopian varieties of Arabica long grown in the region. This is a dry-processed or “natural” version, meaning the beans were dried inside the fruit rather than after the fruit has been removed, as is the case with wet-processed or “washed” coffees. Decaffeinated at the Descamex plant in Mexico by the “Mountain Water Process” which does not involve use of solvents. Old Soul is a roastery, bakery and crafter of artisanal goods dedicated to quality in every form. Visit www.oldsoulco.com or call 916-443-7685 for more information. This very light-roasted decaffeinated coffee may suggest a fine, complex Chinese black tea in some respects, though it ultimately enforces its coffee identity with its tart structure and light-footed authority. Oddly idiosyncratic in its aromatics, but quite free of the disturbing wood notes characteristic of many decaffeinated coffees.",57.30
1013,Ethiopia Yirgacheffe Washed G1,Medium-Light,"Delicate, gently tart, spice-toned. Pomegranate, cocoa powder, lemon blossom, white peppercorn, hazelnut in aroma and cup. Lively, quietly complex structure; crisp, buoyant mouthfeel. The finish leads with gently drying notes of hazelnut and white peppercorn in the short and segues to cocoa-toned citrus blossoms in the long. Produced in Yirgacheffe, a coffee region in southern Ethiopia that produces particularly distinctive coffees from traditional varieties of Arabica long grown in the region. Yirgacheffe coffees like this one processed by the wet or washed method (fruit skin and pulp are removed before drying) typically express great aromatic complexity and intensity. Like virtually all Yirgacheffe coffees, this coffee is produced by villagers on small garden plots interplanted with food and other subsistence crops. A.R.C., whose motto is “more than specialty,” rigorously controls three vital elements: sourcing of green coffee, roasting, and, in cafe environments, water quality for brewed coffee. For more information, visit http://www.arc.coffee/en/index.html. A cup with a fine-tea-like appeal in its subtle complexity and spice-toned presentation.",68.70
1014,Ethiopia Yirgacheffe Natural G1,Medium-Light,"Rich, sweet-toned, balanced. Nougat, pink peppercorn, lemongrass, roasted cacao nib, tea rose in aroma and cup. Floral-toned, bittersweet structure; delicate, satiny mouthfeel. Notes of aromatic wood and spice-toned florals carry the gently drying finish. Yirgacheffe is a coffee region in southern Ethiopia that produces distinctive coffees from traditional varieties of Arabica long grown in the region. This is a “natural” or dry-processed version, meaning the beans were dried inside the fruit, encouraging a flavor profile that is less predictable and deeper than the more familiar wet-processed floral- and citrus-toned Yirgacheffe profile. Like virtually all southern Ethiopia coffees, this coffee is produced by villagers on small, garden plots interplanted with food and other subsistence crops. A.R.C., whose motto is “more than specialty,” rigorously controls three vital elements: sourcing of green coffee, roasting, and, in cafe environments, water quality for brewed coffee. For more information, visit http://www.arc.coffee/en/index.html A crisply bittersweet cup that leads with spicy florals and sweet herb notes.",68.70
1015,Decaf Colombia Select,Medium-Light,"Sweet, delicate, floral and wood-toned. Fresh-cut fir, demerara sugar, orange zest, faint rose-like flowers in aroma and cup. Gently bittersweet structure; very lightly syrupy mouthfeel. Flavor consolidates but persists in a round, sweet-toned finish. Produced from trees of the Caturra and Castillo varieties of Arabica and decaffeinated at origin using ethyl acetate, a natural solvent derived from sugar cane. Bootstrap is the definition of a quality dedicated nano-roaster, with every bag carefully prepared by the roaster himself. Visit www.bootstrapcoffeeroasters.com for more information. Those who value a gently zesty sweetness should enjoy this delicate decaf cup. Easy on the palate, easy on the nervous system.",44.10
1016,Ethiopia Awassa,Medium-Light,"Crisply sweet, multi-faceted. Candied violet, dark chocolate, pungent juniper wood, grapefruit zest, mango in aroma and cup. Sweetly tart structure with juicy acidity; satiny mouthfeel. The resonant finish centers around mango and violet in the short and dark chocolate in the long, with a hint of aromatic wood. Southern Ethiopia coffees like this one are produced from distinctive traditional Ethiopian varieties of Arabica long grown in the region. Like virtually all southern Ethiopia coffees, this coffee is produced by villagers on small garden plots interplanted with food and other subsistence crops. Processed by the wet or washed method (fruit skin and pulp are removed before drying). Paradise Roasters specializes in micro-lot Arabica and Robusta coffees from Asia and other emerging origins. The company prides itself on quality and freshness, craft-roasting coffees in small batches only after orders are placed. Visit www.paradiseroasters.com or call 763-433-0626 for more information. An engaging, confident Ethiopia cup with layered intrigue: flowers, fruit, aromatic wood.",52.80
1017,Kenya Kirinyaga Mukangu AB,Medium-Light,"Crisply sweet-savory. Lavender, roasted cacao nib, strawberry guava, hazelnut, toasted barley in aroma and cup. Sweetly floral structure with savory undertones; crisp, velvety mouthfeel. The cocoa-toned finish leads with spicy florals and tropical fruit in the short, grounded by pleasing notes of toasted barley in the long. Produced from trees of the admired SL-28 and SL-34. Despite grower discontent and urban encroachment on prime coffee lands, Kenya continues to produce some of the world’s most elegant and distinctive coffees. Kakalove Café is a nano-roaster located in the small city of Chia-Yi in Taiwan that strives to procure and roast the finest quality coffee. Visit www.kakalovecafe.com.tw or email [email protected] for more information. A Kenya that covers all the bases: sweet-tart fruit, savory depth, spicy florals and cocoa.",46.00
1018,Kenya Nyeri Othaya Gatugi Red Cherry Project AA,Medium-Dark,"Sweetly pungent, gently roasty. Scorched cedar, dark chocolate, plum, lavender, lime zest in aroma and cup. Complex in structure: sweetly tart with a roasty, savory depth. Light, satiny mouthfeel. Lemon zest, dark chocolate, plum carry into a rich though drying finish. Despite grower discontent and urban encroachment on prime coffee lands, Kenya continues to produce some of the world’s most elegant and distinctive coffees. This coffee is the result of a partnership between the Othaya and Aguthi Cooperatives and Royal Coffee, intended to create a methodology for isolating and enhancing the highest quality coffees coming from these cooperatives. Produced from trees of the SL28, SL34, Ruiru 11 and Batian varieties of Arabica. AA is the highest grade of Kenya coffee based on bean size and freedom from physical imperfections. Jackrabbit Java selects the finest coffees from around the world and roasts them in Thermopolis, Wyoming’s mountain air. All Jackrabbit Java coffees are specialty-grade and roasted to order. Visit www.jackrabbitjava.com for more information. A darker roast develops a savory-toned chocolate to complement a zesty citrus in this pleasingly contradictory Kenya.",52.90
1019,Ethiopia Washed Yirgacheffe Adado,Medium-Light,"Elegant, deep, sweetly savory. Jasmine, sandalwood, plum, nutella-like nut and cocoa, tangerine zest in aroma and cup. High-toned, balanced structure with citrusy acidity; syrupy-smooth mouthfeel. The finish is long, resonant and flavor-saturated, carrying through on the promise of the cup. Southern Ethiopia coffees like this one are produced from distinctive traditional Ethiopian varieties of Arabica long grown in the region. Like virtually all southern Ethiopia coffees, this coffee is produced by villagers on small garden plots interplanted with food and other subsistence crops. Processed by the wet or washed method (fruit skin and pulp are removed before drying). Kakalove Café is a nano-roaster located in the small city of Chia-Yi in Taiwan that strives to procure and roast the finest quality coffee. Visit www.kakalovecafe.com.tw or email [email protected] for more information. A bright, lively, juicy washed Yirgacheffe coffee: classic in structure and style.",38.90
1020,Outbound Espresso,Medium-Light,"Evaluated as espresso. Balanced, deeply and sweetly pungent. Honeysuckle, cashew, baker’s chocolate, cedar, caramel in aroma and small cup. Satiny mouthfeel; crisp, resonant finish that leads with baker’s chocolate in the short, rounding to nut-toned florals in the long. In three-parts milk, full and expressive of cashew butter, baker’s chocolate and honeysuckle. A blend of coffees from Mexico, Ethiopia and Brazil. Propeller is a Toronto-based micro-roaster with a dedication to careful selection and exceptional craft roasting of high-end coffees. Visit www.propellercoffee.com or call 416-479-3771 for more information. An espresso blend that offers both high-toned florals and low-toned nut and chocolate notes, integrated by a consistent caramel throughline.",39.80
1021,Ace Espresso,Medium-Light,"Evaluated as espresso. Floral-toned, lively. Black currant, narcissus, sandalwood, roasted cacao nib, molasses in aroma and small cup. Syrupy, buoyant mouthfeel; gently drying, flavor-saturated finish centered around notes of black currant and narcissus. In three parts milk, centered on narcissus-like florals with cocoa tones and black currant just underneath, with hints of sandalwood resurfacing as well. A blend of coffees from Mexico and Ethiopia. Propeller is a Toronto-based micro-roaster with a dedication to careful selection and exceptional craft roasting of high-end coffees. Visit www.propellercoffee.com or call 416-479-3771 for more information. A floral-toned, richly sweet espresso blend: balanced, flavor-laden, driven by notes of narcissus-like flowers.",39.80
1022,Kenya Mutungati,Medium-Light,"Bright, richly sweet, complex. Red currant, lilac, dark chocolate, lime zest, redwood in aroma and cup. Sweetly savory in structure, with juicy acidity; plush, syrupy mouthfeel. The balanced finish is resonant with notes of red currant and dark chocolate, with hints of lime zest. Produced by farmers of the Mutungati Cooperative from trees of the SL28, SL34, and Ruiru 11 varieties of Arabica. Despite grower discontent and urban encroachment on prime coffee lands, Kenya continues to produce some of the world’s most elegant and distinctive coffees. Propeller is a Toronto-based micro-roaster with a dedication to careful selection and exceptional craft roasting of high-end coffees. Visit www.propellercoffee.com or call 416-479-3771 for more information. A vibrant fruit- and chocolate-toned Kenya coffee, with an exciting hint of lime zest throughout the profile.",46.50
1023,Guatemala El Retiro del Quisaya,Light,"Delicately sweet and balanced with a subtle hint of fermented fruit. Peach, sweet chocolate, sandalwood, honeysuckle, almond in aroma and cup. Gently and sweetly bright in structure; light yet satiny in mouthfeel. Quiet but resonantly long finish: peach, chocolate, almond. Produced by Juan Luis Barrios Ortega from trees of the Bourbon-derived Pache variety of Arabica. Processed by the dry or “natural” method, meaning the beans were dried inside the fruit rather than after the fruit has been removed, as is the case with wet-processed or ""washed"" coffees. Chocolate Fish is a distinguished New-Zealand-inspired micro-roaster based in Sacramento California, focused on the best in both quality and integrity.Visit www.chocolatefishcoffee.com or call 916-451-5181 for more information. Delicate and graceful, yet authoritative in character; seductively sweet.",55.80
1024,Kenya Peaberry Kericho County,Medium-Light,"Sweetly pungent, lightly savory. Unusual aromatics: floral-toned honey, plum, musk, a hint of coriander in aroma and cup. Crisply sweet, savory-edged structure; lightly syrupy mouthfeel. Dry and gently flavor-saturated in the finish. Produced from trees of the SL28, SL34 and Ruiru 11 varieties of Arabica and processed by the wet or “washed” method, in which skin and fruit flesh are removed from the beans or seeds before they are dried. This sample consists entirely of peaberries, a kind of bean that results when the coffee fruit develops only a single, oval bean rather than the usual pair of flat-sided beans. Peaberries produce a somewhat different (often better) cup than normal beans from the same crop, from which they may or may not be separated during grading. Despite grower discontent and urban encroachment on prime coffee lands, Kenya continues to produce some of the world’s most elegant and distinctive coffees. Caffè Luxxe is an Italian-inflected artisan roaster and retailer that emphasizes both its coffee knowledge and precision and its straightforward lack of pretension. Visit www.caffeluxxe.com or call 310-394-2222 for more information. An unorthodox but original and engaging variation on the Kenya cup, juxtaposing sweetness and a musky, herby-savory edge.",58.80
1025,Static El Salvador Finca Maria Luisa,Medium-Light,"Brisk and subtly layered. Almond butter, dried apricot, fresh-cut fir, hints of dark chocolate and clover in aroma and cup. Sweetly brisk and dry in structure; lightly syrupy mouthfeel. The drying structure sweetens and smoothes a bit in the finish, and chocolate and clover-like flowers move forward. Processed by the wet or “washed” method, in which skin and fruit flesh are removed from the beans or seeds before they are dried. Espresso Republic, founded in 2010, specializes in sourcing quality coffees and roasting them in small batches for both retail and wholesale customers. Visit www.espressorepublic.com for more information. Those who value brisk, dry beverages should enjoy this coffee and its quiet, unorthodox aromatic intrigue.",35.00
1026,Kamwangi Kenya,Medium-Light,"Deeply and pungently sweet-tart. Lavender, grapefruit zest, sandalwood, blackberry, a hint of baker’s chocolate in aroma and cup. Simultaneously brightly tart and deeply savory in structure. Lightly syrupy, plush mouthfeel. Grapefruit zest and blackberry carry into a crisply resonant finish. Produced by the smallholders of the New Ngariama Farmers Cooperative Society from trees of the SL-28, SL-34 and Ruiru 11 varieties of Arabica. Processed at Kamwangi Washing Station by the particularly meticulous Kenya variation on the traditional wet or “washed” method, in which skin and fruit flesh are removed from the beans or seeds before they are dried. Founded in 1990, Lexington Coffee is an award-winning artisan roasting company based in Virginia. Lexington’s focus on fresh, flavorful and sustainable coffee is reflected in its motto, “Fresh, Flavorful & Fair.” Visit www.lexingtoncoffee.com or call 800-322-6505 for more information. Resonantly pungent Kenya, particularly attractive for its structure: sweet, tart and savory all at once, zesty yet seductive. Holds its character superbly as it cools.",58.60
1027,Ethiopia Gelana Abaya,Medium-Light,"Sweet, spice-toned, pungent. Hazelnut, cocoa, ripe cantaloupe, tangerine zest, a hint of cinnamon in aroma and cup. Complexly structured: very sweet, gently tart, slightly bitterish. Syrupy and full in mouthfeel. Cocoa and tangerine carry into a deep, long finish. Southern Ethiopia coffees like this one are produced from distinctive traditional Ethiopian varieties of Arabica long grown in the region. Like virtually all southern Ethiopia coffees, this coffee is produced by villagers on small garden plots interplanted with food and other subsistence crops. This is a dry-processed or “natural” coffee, meaning the beans were dried inside the fruit rather than after the fruit has been removed, as is the case with wet-processed or “washed” coffees. Big Creek Coffee Roasters is a small, quality-oriented batch roaster located in Montana’s Bitterroot Valley. Visit www.bigcreekcoffeeroasters.com or call 406-375-7508 for more information. Spicy-sweet, autumnal profile, complex and grown-up.",44.10
1028,Ethiopia Bishan Fugu,Light,"Delicate, sweetly tart. Strawberry, caramel, musk, cocoa butter, magnolia in aroma and cup. Quietly tart-leaning structure with sweet undertones; plush, syrupy body. The perfumy, almost musk-like finish is characterized by tart fruit notes in the short and cocoa butter in the long. This coffee tied for the second-highest rating in a tasting of 71 organic-certified coffees from Africa for Coffee Review’s November 2017 tasting report. Produced by the METAD farm and mill in southern Ethiopia. Southern Ethiopia produces distinctive coffees from traditional varieties of Arabica long grown in the region. This is a “natural” or dry-processed version, meaning the beans were dried inside the fruit rather than after the fruit has been removed, as is the case with wet-processed or “washed” coffees. Certified USDA organic. Based in southern Oregon, Noble Coffee is a wholesale and retail roasting company focused on quality, social responsibility and environmental consciousness. Visit www.noblecoffeeroasting.com or call 541-488-3288 for more information. A richly elegant cup that leads with deep fruit notes, as do many natural- processed coffees, though here the fruit is complicated by an engaging musk-like intrigue.",55.80
1029,Sustainable Harvest Homacho Waeno Natural,Light,"Deeply and richly sweet-savory. Orange marmalade, pipe tobacco, dried fig, dark chocolate, freesia-like flowers in aroma and cup. Bright, sweetly-tart in structure with zesty acidity; delicately satiny mouthfeel. Notes of richly savory pipe tobacco lead in the finish, paired with dried fig in the short and orange marmalade in the long. This coffee tied for the second-highest rating in a tasting of 71 organic-certified coffees from Africa for Coffee Review’s November 2017 tasting report. Southern Ethiopia coffees like this one are produced from distinctive traditional Ethiopian varieties of Arabica long grown in the region. Like virtually all southern Ethiopia coffees, this coffee is produced by villagers on small garden plots interplanted with food and other subsistence crops. This is a dry-processed or “natural” coffee, meaning the beans were dried inside the fruit rather than after the fruit has been removed, as is the case with wet-processed or “washed” coffees. Red E Cafe is a popular café and roastery in Portland, Oregon. For more information, visit.www.theredecafe.com. A natural-processed Ethiopia coffee of intriguing depth, with a wide range of aroma/flavor notes, savory pipe tobacco to high-toned, spicy florals, to crisply sweet citrus marmalade.",47.00
1030,Ethiopia Amaro Gayo Natural,Medium-Light,"Deeply sweet, fruit- and cocoa-toned. Baker’s chocolate, dried coconut, tea rose, almond, cedar in aroma and cup. Fruit-toned structure with round, gentle acidity; crisp though syrupy mouthfeel. The spice-toned finish suggests homemade fruitcake, with notes of dried fruit, nuts and warming spices. This coffee tied for the third-highest rating in a tasting of 71 organic-certified coffees from Africa for Coffee Review’s November 2017 tasting report. Yirgacheffe is a coffee region in southern Ethiopia that produces distinctive coffees from traditional varieties of Arabica long grown in the region. This is a “natural” or dry-processed version, meaning the beans were dried inside the fruit, encouraging a flavor profile that is less predictable and deeper than the more familiar wet-processed floral- and citrus-toned Yirgacheffe profile. Like virtually all southern Ethiopia coffees, this coffee is produced by villagers on small, garden plots interplanted with food and other subsistence crops. Certified USDA organic. Named after the cofounders’ son, Ben, Ben’s Beans prides itself on ethical sourcing, as well as in donating a portion of proceeds to charities in the coffee-producing regions they work with. Visit www.bensbeans.org for more information. The overall impression of this natural-processed Yirgacheffe cup is equal parts dried fruit and chocolate, nicely elaborated by spice suggestions (cinnamon, clove, nutmeg).",49.80
1031,Static Colombia Decaf Midnight,Medium,"Deeply sweet, chocolate-toned. Dark chocolate, Brazil nut, gardenia, baked apple, cedar in aroma and cup. Roundly sweet in structure; lean, lightly syrupy body. The gently drying finish is characterized by notes of dark chocolate throughout, supported by gardenia and apple tones in the short and cedar in the long. Decaffeinated at the Descamex plant in Mexico by the “Mountain Water Process” which does not involve use of solvents. Espresso Republic, founded in 2010, specializes in sourcing quality coffees and roasting them in small batches for both retail and wholesale customers. Visit www.espressorepublic.com for more information. A solid, chocolate-toned decaf with inviting fruit and floral tones.",49.80
1032,Sweet Holiday Blend,Medium-Light,"Richly sweet, spice-toned. Baker’s chocolate, tangerine zest, clove, date, sandalwood in aroma and cup. High-toned, sweetly tart in structure; plush and syrupy in mouthfeel. The finish centers around cocoa-toned clove notes and deeply sweet fruit in the short, aromatic sandalwood in the long. This coffee tied for the fourth-highest rating in a tasting of holiday coffees for Coffee Review‘s December 2017 tasting report. A blend of coffees from Ethiopia, Kenya and Colombia. Established in 2010, Red Rooster is an organic-certified micro-roaster focusing on socially conscious coffee and high-quality coffee. Visit redroostercoffee.com or call 540-745-7338 for more information. A brightly juicy, sweet blend with richly layered holiday nuance: chocolate, clove, date.",44.10
1033,DR Congo Virunga Organic,Medium-Light,"Deeply sweet-savory, uniquely pungent. Ripe tomato, pink peppercorn, lantana-like flowers, blood orange zest, fresh pipe tobacco in aroma and cup. Savory-leaning, richly sweet in structure; plush and syrupy in mouthfeel. The finish is equal parts sweet and savory. Notes of citrus zest and lantana linger in the short and rich pipe tobacco in the long, while ripe tomato resonates throughout. This coffee tied for the fourth-highest rating in a tasting of holiday coffees for Coffee Review‘s December 2017 tasting report. Produced entirely from trees of the Bourbon variety of Arabica by small-holding farmers around Virunga Coffee, which began collaborating with local cooperatives in 2011 to improve the quality of coffee production in this emerging growing region in the far east of the Democratic Republic of the Congo, across Lake Kivu from Rwanda. This is a wet-processed or “washed” coffee, meaning the fruit skin and pulp were removed from the beans immediately after harvesting and before drying. Speckled Ax is a roaster based in Portland, Maine, specializing in high-quality certified organic and small-lot coffees. The company roasts in a vintage wood-fired Petroncini roaster with the goal of highlighting each coffee’s best attributes. Visit www.speckledax.com for more information. An exciting coffee from a newly emerging eastern Congo growing region: savory-edged, richly sweet, invitingly pungent.",50.00
1034,Holiday Blend,Light,"Crisply sweet-tart, high-toned. Lemon verbena, cedar, pomegranate, lavender, maple syrup in aroma and cup. Sweetly tart in structure with bright, juicy acidity. The finish is deep and rich, with sweet, lemony herb tones, tart fruit notes, and hints of aromatic wood. This coffee tied for the fourth-highest rating in a tasting of holiday coffees for Coffee Review‘s December 2017 tasting report. A blend of two Ethiopia coffees (a wet-processed Banko Gotiti and a natural-processed Yirgacheffe Aricha), a honey-processed Costa Rica and a wet-processed Panama Elida Chiriqui. Roaster Yu Chih Hao is co-founder of Fumi Coffee, a new roaster in Hsinchu, Taiwan specializing in specialty coffee and homemade desserts. Visit https://m.facebook.com/fumicafe035586631/ for more information. A lovely blend of four exceptional coffees that nets a crisp, very sweet, pleasingly herb-toned cup.",97.00
1035,Kenya Thaitu,Medium-Light,"Intensely sweet, intricately rich. Pink grapefruit zest, blackberry, fresh pipe tobacco, lavender, baker’s chocolate in aroma and cup. Balanced, sweet-savory structure; crisp, satiny, buoyant mouthfeel. The resonant finish leads with notes of berry and citrus zest in the short, rounding to chocolate in the long, with spicy florals throughout. This coffee tied for the second-highest rating in a tasting of holiday coffees for Coffee Review‘s December 2017 tasting report. Produced by Thaitu Coffee Estate from trees of the SL28, SL34 and Ruiru 11 varieties of Arabica. Despite grower discontent and urban encroachment on prime coffee lands, Kenya continues to produce some of the world’s most elegant and distinctive coffees. Good Folks Coffee is a wholesale roaster based in Louisville, Kentucky. Visit www.goodfolkscoffee.com for more information. A spice-toned, floral- and fruit-driven Kenya coffee, grounded by rich chocolate notes with hints of sweet pipe tobacco.",64.70
1036,Yule Blend 2018,Medium-Light,"Crisp, sweet-savory. Mulberry, pink peppercorn, maple syrup, gardenia, cedar in aroma and cup. Crisply sweet-savory in structure; viscous, velvety mouthfeel. The rich though drying finish centers around spicy florals and berry tones in the short and notes of aromatic wood and maple syrup in the long. This coffee tied for the third-highest rating in a tasting of holiday coffees for Coffee Review‘s December 2017 tasting report. A blend of Kenya coffees from two different cooperatives, Kamwangi and Kainamui, both produced from trees of the SL28 and Ruiru 11 varieties of Arabica. Flight Coffee (formerly CQ Coffee Roasters) is a coffee-loving, quality-focused roasting company based in Bedford, New Hampshire.Visit www.flightcoffeeco.com or call 603-836-6228 for more information. A balanced, savory-leaning and richly sweet blend of two quality coffees from Kenya, netting a vibrantly high-toned, spice-driven cup.",44.10
1037,Los Congos Pacamara Honey,Light,"Sweetly pungent, richly savory-toned. Blackberry jam, roasted cacao nib, rhododendron, sundried tomato, nougat in aroma and cup. Sweet-savory structure with crisp, floral acidity; viscous, lightly syrupy mouthfeel. The finish is sweet-toned and balanced, with lingering notes of berry and cocoa. This coffee tied for the fourth-highest rating in a tasting of holiday coffees for Coffee Review‘s December 2017 tasting report. Comprised entirely of the much admired, bold-bean Pacamara variety of Arabica, a cross between the giant-beaned Maragogipe variety and Pacas, a selection of the heirloom Bourbon. Processed by the honey method, which means that the outer skin of the coffee fruit is removed as it is in the wet or “washed” process, but at least some of the sticky fruit residue is allowed to dry on the bean and later removed by machine along with the parchment skin. Los Congos, established in 1997, is an award-winning farm run by the Paguaga family, leading Nicaraguan coffee producers for several generations. Dragonfly Coffee is a Boulder, Colorado-based micro-roaster that produces high-quality coffees and supports worthy causes. Visit www.dragonflycoffeeroasters.com or call 303-579-2154 for more information. An umami-driven Pacamara coffee, with a throughline of berry and sundried tomato notes: sweet and savory in harmonious balance.",58.80
1038,Coffea Diversa Costa Rica Sudan Rume,Medium-Light,"Bright, crisp, deeply sweet. Honey, lilac, cedar, tea rose, mango in aroma and cup. Crisply sweet-tart structure; satiny-smooth body. Notes of mango and spice-toned florals carry the short finish, while honey lingers in the long. This coffee tied for the fourth-highest rating in a tasting of holiday coffees for Coffee Review‘s December 2017 tasting report. Produced by Ricardo and Gonzalo Hernandez entirely of beans from the rare Sudan Rume, a presumably very old variety of Arabica originally selected from wild trees growing on the Boma Plateau of Sudan, close to the border with Ethiopia. This is a wet-processed or “washed” version, meaning that the fruit skin and pulp were removed from the seeds or beans before they were dried. OQ Coffee is a New Jersey-based small-batch roasting company that emphasizes its commitment to coffee quality and community-building. Visit www.oqcoffee.com for more information. A fine introduction to a rare variety of Arabica, Sudan Rume: crisp, bright, sweetly tart.",123.50
1039,Ethiopia Banko Gotiti Natural G1,Light,"Crisp, sweetly tart. Dark chocolate, pie cherry, cedar, honey, magnolia in aroma and cup. Bittersweet in structure with crisp, citrus-like acidity; velvety mouthfeel. The finish consolidates to honey-toned stonefruit in the short and dark chocolate in the long. This coffee tied for the third-highest rating in a tasting of holiday coffees for Coffee Review‘s December 2017 tasting report. Southern Ethiopia coffees like this one are produced from distinctive traditional Ethiopian varieties of Arabica long grown in the region. Like virtually all southern Ethiopia coffees, this coffee is produced by villagers on small garden plots interplanted with food and other subsistence crops. This is a dry-processed or “natural” coffee, meaning the beans were dried inside the fruit rather than after the fruit has been removed, as is the case with wet-processed or “washed” coffees. Green Stone Coffee is a woman-owned artisan roastery in Taipei, founded in 2016 and specializing in sourcing distinctive coffees that express their individual terroirs. Visit http://www.greenstone-coffee.com.tw/en/info.html for more information. An inviting natural-processed coffee from Ethiopia: sweetly tart, fruit-forward.",84.40
1040,Panama Auromar Geisha Natural,Medium-Light,"Complex, uniquely sweet, tropical. Plumeria, roasted cacao nib, mango, sandalwood, nougat in aroma and cup. Sweetly tart structure with bright, juicy acidity; syrupy mouthfeel. The finish carries through on the promise of the cup, with rich florals in the short and deep fruit notes in the long, where a new element, a soft fruit tone suggesting coconut, surfaces. This exceptional coffee was selected as the No. 8 coffee on Coffee Review’s list of the Top 30 Coffees of 2017, and it earned the highest rating in a tasting of holiday coffees for Coffee Review‘s December 2017 tasting report. Produced from trees of the rare Ethiopia-derived botanical variety Gesha (also Geisha) by farmer Roberto Brenes of Auromar Estate. With its generally elongated beans and distinctive floral and crisp, often chocolaty cup, the Gesha variety continues to distinguish itself as one of the world’s most unique coffees. This is a dry-processed or “natural” Gesha, meaning the beans were dried inside the fruit rather than after the fruit has been removed, as is the case with wet-processed or “washed” coffees. Willoughby’s Coffee & Tea is a pioneer specialty coffee roaster established in the early 1980s that has gracefully and successfully moved with the times and now offers a menu of extremely refined small-lot, single-origin coffees. Visit www.willoughbyscoffee.com or call 800-388-8400 for more information. A dynamic coffee with complex aromatics that invoke the tropics—and a seemingly infinite finish, richly sweet and flavor-saturated.",161.70
1041,El Salvador Finca Kilimanjaro,Medium-Light,"High-toned, richly sweet. Strawberry guava, roasted cacao nib, lime zest, jasmine, almond in aroma and cup. Sweetly-tart structure with juicy, balanced acidity; plush, syrupy mouthfeel. The finish is long and resonant, with lime zest and strawberry guava in the short, rounding to cocoa-toned jasmine in the deeply sweet long. This exceptional coffee was selected as the No. 16 coffee on Coffee Review’s list of the Top 30 Coffees of 2017, and it tied for the second-highest rating in a tasting of holiday coffees for Coffee Review‘s December 2017 tasting report. Finca Kilimanjaro is an El Salvador farm named after East Africa’s highest peak by Aida Batlle, one of El Salvador’s (and Central America’s) most respected and innovative coffee producers. Finca Kilimanjaro is planted with the famous SL28 variety of Arabica, the variety that produces the finest coffees of Kenya. This a dry-processed or “natural” coffee, meaning the beans were dried inside the fruit rather than after the fruit has been removed, as is the case with wet-processed or “washed” coffees. Based in the San Diego area, Bird Rock Coffee Roasters is a retailer and wholesaler focused on organic and socially responsible coffees; it was awarded the “2012 Micro-Roaster of the Year” title from Roast Magazine. Visit www.birdrockcoffee.com or call 858-551-1707 for more information. A graceful, generously fruit- and floral-toned El Salvador cup with an exceptionally balanced structure and juicy acidity.",73.50
1042,Panama Elida Green Tip Gesha Natural,Medium-Light,"Spice-toned, richly sweet. Raspberry, dark chocolate, hazelnut, gardenia, bergamot in aroma and cup. Sweet, fruit-forward structure; full, satiny mouthfeel. The resonant, flavor-saturated finish is characterized by notes of rich chocolate with berry and bittersweet citrus complications. This coffee tied for the third-highest rating in a tasting of holiday coffees for Coffee Review‘s December 2017 tasting report. Produced entirely from trees of the respected Catuai variety of Arabica. The Lamastus family’s Elida Estate averages the highest growing elevations in Panama: 5,500 to 8,200 feet (1,700 to 2,500 meters). This is a “natural” or dry-processed coffee, meaning the beans were dried inside the fruit, encouraging a flavor profile that is sweeter and deeper-toned than the more familiar wet-processed coffees of Panama. Founded in 1995, Equator Coffees & Teas is a women-owned wholesale coffee roasting company that focuses on sustainability in coffee-sourcing and business practices. Visit www.equatorcoffees.com or call 800-809-7687 for more information. An elegant, richly sweet natural-processed Panama Gesha with berry and chocolate notes throughout.",326.30
1043,Gikanda Kenya,Medium-Light,"Sweetly bright, spicy and savory-edged. Orange zest, black currant, baker’s chocolate, tamarind, floral-toned vanilla, redwood in aroma and cup. Deeply bright and richly savory in structure; syrupy, lively mouthfeel. Very deep, very lasting finish, saturated with flavor: chocolate, black currant, vanilla. Despite grower discontent and urban encroachment on prime coffee lands, Kenya continues to produce some of the world’s most elegant and distinctive coffees. JBC Coffee Roasters’ vision is simple: “let the coffee lead the way” through sourcing and roasting the best and most unique coffees available and rewarding the farmers who grow those coffees with substantial premiums. Visit www.jbccoffeeroasters.com or call 608-256-5282 for more information. Superb version of the classic sweet-savory, crisply juicy, fragrantly floral-edged Kenya cup.",56.60
1044,Panama Don Julian Pacamara,Medium-Light,"Richly sweet/tart, crisply complex. Dark chocolate, roasted cashew, pink grapefruit, sandalwood, Chinese five-spice in aroma and cup. Structure is drying but sweetly juicy; buoyant and plump in mouthfeel. Nut-toned chocolate with a hint of sandalwood and spice saturate a sweet, richly dry finish. This exceptional coffee was selected as the No. 7 coffee on Coffee Review’s list of the Top 30 Coffees of 2017. Produced by Heakyung Kang Burneskis of Finca Don Julian in full rustic shade and processed by the traditional wet or “washed” method, in which skin and fruit flesh are removed from the beans or seeds before they are dried. This lot is comprised entirely of the much admired, bold-bean Pacamara variety of Arabica, a cross between the giant-beaned Maragogipe variety and Pacas, a selection of the heirloom Bourbon. Willoughby’s Coffee & Tea is a pioneer specialty coffee roaster established in the early 1980s that has gracefully and successfully moved with the times and now offers a menu of extremely refined small-lot, single-origin coffees. Visit www.willoughbyscoffee.com or call 800-388-8400 for more information. Superb Pacamara profile, crisply dry and spicy yet deeply, lavishly juicy sweet.",110.20
1045,Kenya AB Muchoki,Medium-Light,"Crisply and sweetly tart, delicate yet confident. Peach, vanilla bean, grapefruit zest, almond, pink peppercorn in aroma and cup. Poised in structure: sweet, tart, savory. Mouthfeel is cushiony, plush. Flavor saturates a savory-edged, drying finish. Produced on the single-family Muchoki Estate from trees of the admired Bourbon-derived SL-28 variety of Arabica together with the Ruiru 11 variety. AB is the second-highest grade of Kenya coffee based on bean size and freedom from physical defects. Despite grower discontent, confusing government coffee policy and urban encroachment on prime coffee lands, Kenya continues to produce some of the world’s most elegant and distinctive coffees. Klatch Coffee is an award-winning small-batch roasting company in the Los Angeles area with a long list of recognitions and awards achieved both by the company and by key team members, like resident trainer Heather Perry, who won both the 2003 and 2007 United States Barista Championships brewing a Klatch Coffee espresso blend, and Klatch Wholesale Account Manager Todd Goldsworthy, two-time United States Brewers Cup winner. Visit www.klatchroasting.com or call 877-455-2824 for more information. The exciting Kenya tension between sweet and savory-tart is on display here, but a bit softer in expression perhaps, more tropical, than usual. A relaxed Kenya, authoritative yet delicate and approachable.",58.60
1046,Geisha Panama Santamaria Natural,Medium-Light,"Crisply sweet, intricate, delicately rich. Jasmine, tangerine zest, sandalwood, sweet ripe banana, roasted cacao nib in aroma and cup. Balanced, roundly and gracefully sweet/tart in structure. Light-footed and plush in mouthfeel. Flavor consolidates around jasmine, sandalwood and banana in a sweet, lasting finish. This exceptional coffee was selected as the No. 22 coffee on Coffee Review’s list of the Top 30 Coffees of 2017. With its generally elongated beans and distinctive floral and crisp, often chocolaty cup, the Gesha (also Geisha) variety continues to distinguish itself as one of the world’s most unique coffees. This a dry-processed or ""natural"" coffee, meaning the beans were dried inside the fruit rather than after the fruit has been removed, as is the case with wet-processed or ""washed"" coffees. It was produced by farmer Edwin Santamaria, and took third place in the 2017 Best of Panama green coffee competition in the Geisha Natural category. Campos Coffee is committed to sourcing the finest coffees, with a focus on ethical and sustainable practices. Campos has locations in New South Wales, Victoria and Queensland, as well as Park City and Salt Lake City, Utah. For more information, visit camposcoffee.com. Both elegantly balanced and subtly grand in detail; a quietly spectacular rendition of the Gesha profile.",165.60
1047,Estate Medium Roast,Medium-Light,"Deeply sweet, delicately zesty, complexly fruit- and floral-toned. Peach, grapefruit zest, alyssum-like flowers, dark chocolate, cinnamon in aroma and cup. Sweetly tart in structure, with a deepening savory-bitter edge. Light, satiny mouthfeel; flavor saturates a deep, richly floral and chocolate-toned finish. Ka’u is an emerging Hawaii coffee-growing district centered approximately 30 miles southeast of the famous Kona region. This Ka’u is produced by the Palehua Ohana Cooperative of small-holding Ka’u farmers, an organization dedicated to impeccable socio-economic and environmental practices. It was processed using the wet or “washed” method, in which skin and fruit flesh are removed from the beans or seeds before they are dried. Visit www.kauspecialtycoffee.com for more information. A coffee both classic in its crisp clarity and subtly original in its high-toned fruit and floral aromatics.",130.00
1048,Ethiopia Holy Grail Natural Yirgacheffe,Medium,"Evaluated as espresso. Crisply sweet-tart. Frangipane, dark chocolate, cedar, tamarind, jasmine in aroma and small cup. Crisp, velvety mouthfeel; nut-toned, richly tannic finish. In cappuccino-scaled milk, invitingly bittersweet, with notes of dark chocolate and jasmine in harmony. Yirgacheffe is a coffee region in southern Ethiopia that produces distinctive coffees from traditional varieties of Arabica long grown in the region. This is a “natural” or dry-processed version, meaning the beans were dried inside the fruit, encouraging a flavor profile that is less predictable and deeper than the more familiar wet-processed floral- and citrus-toned Yirgacheffe profile. Like virtually all southern Ethiopia coffees, produced by villagers on small, garden plots interplanted with food and other subsistence crops. In addition to his retail roasting operation, Aroma Roast Coffees, Simon Hsieh also operates Soaring Phoenix Trading, a business focused on purpose-built commercial espresso blends and high quality single-origin coffees. Visit www.facebook.com/4ArtsZeroDefectCoffees or call 886-0983-749876 for more information. In the straight shot, dark chocolate and tart fruit reign; in milk, spicy floral notes wrapped in chocolate carry the day.",177.00
1049,Kenya Karinga,Medium-Light,"Sweetly tart, intense but balanced. Orange zest, red currant, tea rose, white sage, roasted cashew in aroma and cup. Brisk and savory-edged but sweet in structure; impressively buoyant, almost effervescent mouthfeel. Flavor fades to hints of sage and cashew in a sweet though drying finish. Produced by growers associated with the Karinga wet mill or washing station. Despite grower discontent, contested government coffee policy and urban encroachment on prime coffee lands, the famed Kenya coffee auction system and its participating cooperatives continue to produce some of the world's most elegant and distinctive coffees. Processed by a particularly meticulous Kenya variation on the traditional wet or “washed” method, in which skin and fruit flesh are removed from the beans or seeds before they are dried. The company name Amavida combines the Spanish words for love and life, reflecting Amavida’s multifaceted commitment to fairness and fine coffee.Visit www.amavida.com or call 850-213-1965 for more information. An intense yet accessible Kenya animated by a zesty but very sweet structure and an intriguing range of aromatics.",88.00
1050,Thailand Doi Pangkhon Espresso,Medium,"Evaluated as espresso. Sweetly bright, tartly juicy. Grapefruit zest, mango, chocolate, fresh-cut fir in aroma and small cup. Very lightly syrupy and lively in mouthfeel. Rounds in the finish and the chocolate comes forward. In three parts milk a dry, orangy chocolate dominates, crisply and pleasingly. Doi Pangkhon is an emerging growing district in the Golden Triangle region of northern Thailand. This Arabica coffee from classic cultivars was processed by a particularly meticulous version of the wet or “washed” method, in which skin and fruit flesh are removed from the beans or seeds before they are dried. It was roasted in a style intended for both espresso and non-espresso brewing methods. Paradise Roasters specializes in micro-lot Arabica and Robusta coffees from Asia and other emerging origins. The company prides itself on quality and freshness, craft-roasting coffees in small batches only after orders are placed. Visit www.paradiseroasters.com or call 763-433-0626 for more information. A bright, vivid espresso: Tart citrus in front, enveloped by a softening chocolate.",49.80
1051,Ulos Batak Sumatra,Medium-Light,"Intensely rich, deeply sweet, complex. Chocolate fudge, lavender, grapefruit zest, moist perique-style tobacco, coconut-covered date in aroma and cup. Balanced, sweetly savory in structure with lively acidity; buoyant, syrupy mouthfeel. The flavor-laden finish offers chocolate-toned spicy florals in the short resolving to rich date notes with undertones of perique tobacco in the long. Coffees from the northern part of the Indonesian island of Sumatra are admired for their complex earth and fruit notes that appear to result largely from unorthodox fruit removal and drying practices called “wet hulling.” This is a splendid example of the potential of the type. Ulos Batak is the name applied by the cooperative exporter Klasik Beans to a premium grade of its small-producer wet-hulled coffee from the Lintong region south of Lake Toba. Lintong is one of the longest-established growing regions in Sumatra and probably the most admired. JBC Coffee Roasters’ vision is simple: “let the coffee lead the way” through sourcing and roasting the best and most unique coffees available and rewarding the farmers who grow those coffees with substantial premiums. Visit www.jbccoffeeroasters.com or call 608-256-5282 for more information. An intricately layered, superb Sumatra cup saturated with chocolate, spicy floral and sweet fruit notes, with gentle intimations of rich perique tobacco.",55.70
1052,Gaitania Colombia,Light,"Crisply sweet, high-toned. Maple syrup, narcissus, ripe orange, hazelnut, a hint of cardamom in aroma and cup. Gently sweet-tart structure; velvety mouthfeel. The short finish leads with attractive bittersweet orange tones; narcissus and cardamom carry the long. Produced by the Resguardo Indigena Nasa We’sx indigenous community in Gaitania, Colombia, associated with the Paez and Nasa tribes of southern Cauca. From trees of the Castillo, Caturra, Colombia and Typica varieties of Arabica. This coffee is organic and Fair Trade certified, the latter meaning it was purchased from small-holding farmers at a “fair” or economically sustainable price. It is a wet-processed or “washed” coffee, meaning the fruit skin and pulp were removed from the beans immediately after harvesting and before drying. JBC Coffee Roasters’ vision is simple: “let the coffee lead the way” through sourcing and roasting the best and most unique coffees available and rewarding the farmers who grow those coffees with substantial premiums. Visit www.jbccoffeeroasters.com or call 608-256-5282 for more information. An inviting and accessible Colombia cup, sweet-toned with a hint of cardamom-like spice.",46.30
1053,Blue Label La Esmeralda Porton Pascua Gesha,Medium-Light,"Richly sweet, crisply complex, spice-toned. Lilac, bergamot, white peach, caramelized walnut, sandalwood in aroma and cup. Delicate, sweetly tart, juicy in structure; crisp, satiny mouthfeel. The quietly resonant finish is flavor-saturated: stonefruit and bergamot carry the short and sandalwood-nuanced lilac notes resurface in the long. Coffee from trees of the botanical variety Gesha (also Geisha) grown on Price Peterson’s Hacienda La Esmeralda in Panama first introduced this extraordinary variety of Arabica to the world. With its bold, boat-shaped beans and distinctive floral and crisply cacao-toned cup, the Gesha continues to be one of the world’s most sought-after coffees, and the Esmeralda versions remain among the most authentic. This is a wet-processed or “washed” version, meaning the fruit skin and pulp were removed from the beans immediately after harvesting and before drying. Roasted at PT’s Coffee, where the motto is “without the love, it’s just coffee.” Visit www.ptscoffee.com or call 888-678-5282 for more information. A symphonic Gesha cup: high-toned fruit and flowers are supported by spice and aromatic wood.",264.60
1054,Auromar Gesha Natural,Light,"Delicate, crisply sweet. Dried coconut, baker’s chocolate, candied violet, cedar, nutmeg in aroma and cup. Balanced, sweet-tart structure; silky mouthfeel. The gently drying finish is carried by notes of chocolate-toned coconut in the short and cedar in the long, with a whisper of sweet candied violet. Produced from trees of the rare Ethiopia-derived botanical variety Gesha (also Geisha) by farmer Roberto Brenes of Auromar Estate. With its generally elongated beans and distinctive floral and crisp, often chocolaty cup, the Gesha variety continues to distinguish itself as one of the world’s most unique coffees. This is a dry-processed or “natural” Gesha, meaning the beans were dried inside the fruit rather than after the fruit has been removed, as is the case with wet-processed or “washed” coffees. Roasted at PT’s Coffee, where the motto is “without the love, it’s just coffee.” Visit www.ptscoffee.com or call 888-678-5282 for more information. A crisp, deeply sweet natural-processed Gesha cup: chocolaty, fruit-toned and floral.",176.40
1055,Haraz Special Red Yemen,Light,"Engaging, richly sweet-savory. Caramelized fig, earthy pipe tobacco, aged rum, hibiscus, cinnamon in aroma and cup. Sweetly tart structure; velvety-smooth mouthfeel. The long finish consolidates to cinnamon and caramelized fig, with a hint of aged rum. Haraz (also Haraaz, other spellings) is a celebrated coffee growing region in north-central Yemen, west of the capital of Sana’a. Although Ethiopia is the botanical home of Coffea Arabica, Yemen introduced the beverage to the rest of the world in the 16th and 17th centuries, and Yemeni coffee is still grown from ancient heirloom cultivars of arabica on stone-walled terraces ringing fortress-like mountaintop villages. All Yemen coffees are natural-processed, or dried in the whole fruit. Roasted at PT’s Coffee, where the motto is “without the love, it’s just coffee.” Visit www.ptscoffee.com or call 888-678-5282 for more information. An attractively idiosyncratic cup from one of coffee’s ancient homelands: mildly fermenty, richly fruity-toned, with hints of earth and tobacco.",121.30
1056,Finca Merced Guatemala,Light,"Richly sweet, high-toned. Maple syrup, orange zest, roasted cacao nib, peach, cedar in aroma and cup. Sweet-tart structure; satiny mouthfeel. The resonant finish has a throughline of roasted cacao nib, accompanied by notes of peach and maple syrup in the short and orange zest and cedar in the long. Produced by the Ortega family entirely from trees of the heirloom Bourbon variety of Arabica. This is a wet-processed or “washed” coffee, meaning the fruit skin and pulp were removed from the beans immediately after harvesting and before drying. Chocolate Fish is a distinguished New-Zealand-inspired micro-roaster based in Sacramento California, focused on the best in both quality and integrity.Visit www.chocolatefishcoffee.com or call 916-451-5181 for more information. A sweetly bright, cocoa-toned Guatemala cup with engaging stone fruit and aromatic wood complications.",50.00
1057,Kenya Chorongi Peaberry,Medium-Light,"Intense, dynamic, richly sweet-savory. Passionfruit jam, baker’s chocolate, aromatic orchid, sandalwood, almond in aroma and cup. Bright, sweetly tart in structure; full, velvety mouthfeel. The resonant finish is crisply sweet, with layers of complex fruit and floral notes in the short, consolidating to baker’s chocolate and almond in the long. Produced by smallholding farmers from trees of the Ruiru 11, Batian, SL28 and SL34 varieties of Arabica. Despite grower discontent and urban encroachment on prime coffee lands, Kenya continues to produce some of the world’s most elegant and distinctive coffees. This particular sample consists entirely of peaberries, a kind of bean that results when the coffee fruit develops only a single, oval bean rather than the usual pair of flat-sided beans. Peaberries produce a somewhat different (often better) cup than normal beans from the same crop, from which they may or may not be separated during grading. Speckled Ax is a roaster based in Portland, Maine, specializing in high-quality certified organic and small-lot coffees. The company roasts in a vintage wood-fired Petroncini roaster with the goal of highlighting each coffee’s best attributes. Visit www.speckledax.com for more information. A classic Kenya cup: richly sweet-savory, with a complex array of fruit, floral, chocolate and aromatic wood notes at its intense and inviting heart.",58.80
1058,Honduras Los Catadores Honey,Medium-Light,"Evaluated as espresso. Deeply expressed dark chocolate, magnolia-like flowers, grapefruit zest, date, cedar in aroma and small cup. Lean, though very smooth mouthfeel; chocolate-toned finish with hints of cedar. The chocolate deepens in three parts milk, enlivened by continued suggestions of magnolia and grapefruit. Honduras, until recently a largely overlooked Central American coffee origin, has been producing increasing volumes of fine coffee over the past decade. Produced entirely from trees of the Catuai variety of Arabica and processed by the honey method, which means that the outer skin of the coffee fruit is removed as it is in the wet or “washed” process, but at least some of the sticky fruit residue is allowed to dry on the bean and later removed by machine along with the parchment skin. Kakalove Café is a nano-roaster located in the small city of Chia-Yi in Taiwan that strives to procure and roast the finest quality coffee. Visit www.kakalovecafe.com.tw or email [email protected] for more information. A solid single-origin Central America espresso, chocolate-toned throughout, with pretty floral and citrus zest grace notes.",35.40
1059,Static Kenya Kavutiri,Medium-Light,"Delicate, sweetly spice-toned. Red currant, lemon verbena, baker’s chocolate, rose hips, a hint of cannabis in aroma and cup. Crisply sweet-savory structure; crisp, velvety mouthfeel. The finish is sweetly herb-toned, leading with notes of lemon verbena and red currant in the short and a sweet muskiness akin to cannabis in the long, with a throughline of baker’s chocolate. Produced by smallholding farmers from trees of the Ruiru 11, Batian, SL28 and SL34 varieties of Arabica. Despite grower discontent and urban encroachment on prime coffee lands, Kenya continues to produce some of the world’s most elegant and distinctive coffees. Espresso Republic, founded in 2010, specializes in sourcing quality coffees and roasting them in small batches for both retail and wholesale customers. Visit www.espressorepublic.com for more information. A delicate, spice-driven Kenya cup with engaging undercurrents of fruit, floral and chocolate.",73.50
1060,Honduras La Lesquinada Washed,Medium-Light,"Evaluated as espresso. Bright, zesty-sweet. Baker’s chocolate, lemon zest, black cherry, fresh-cut fir, narcissus in aroma and small cup. Crisp, velvety mouthfeel; balanced, sweetly tart finish. In three-parts milk the coffee particularly impresses: rich chocolate harmoniously envelops tart fruit and sweet floral notes. Honduras, until recently a largely overlooked Central American coffee origin, has been producing increasing volumes of fine coffee over the past decade. Produced entirely from trees of the Paraneima variety of Arabica; a wet-processed or “washed” coffee, meaning the fruit skin and pulp were removed from the beans immediately after harvesting and before drying. Kakalove Café is a nano-roaster located in the small city of Chia-Yi in Taiwan that strives to procure and roast the finest quality coffee. Visit www.kakalovecafe.com.tw or email [email protected] for more information. Makes a particularly appealing espresso in cappuccino-scaled milk: chocolaty, with intense fruit and floral complication.",35.40
1061,Kenya Gicherori,Medium-Light,"Sweetly savory, layered. Rhododendron-like flowers, cinnamon, baker’s chocolate, cedar, red currant in aroma and cup. Round, savory-leaning structure; crisp, velvety mouthfeel. The quiet finish centers on notes of vanilla-like florals and baker’s chocolate, with a hint of cinnamon. Despite grower discontent and urban encroachment on prime coffee lands, Kenya continues to produce some of the world’s most elegant and distinctive coffees. AA is the highest grade of Kenya coffee based on freedom from physical imperfections and bean size. The WestBean is a San Diego-based roastery founded by two friends with a passion for coffee and a determination to bring their customers the highest quality hand-crafted coffee possible. Visit www.thewestbean.com or call 619-709-3232 for more information. A round, sweetly savory Kenya enlivened by the quiet intrigue of vanilla-like flowers and crisp chocolate.",70.50
1062,Ethiopia Yirgacheffe,Medium,"Richly sweet, chocolate-toned. Molasses, baker’s chocolate, lily, cedar, black peppercorn in aroma and cup. Bittersweet structure with round, gentle acidity; velvety-smooth mouthfeel. The finish is thoroughly chocolate-toned, leading with baker’s chocolate in the short complicated by deep florals and aromatic wood, rounding to cocoa powder and molasses in the long. Coffees from the Yirgacheffe region are produced from distinctive traditional Ethiopian varieties of Arabica long grown in the region. Like virtually all southern Ethiopia coffees, this coffee is produced by villagers on small garden plots interplanted with food and other subsistence crops. Processed by the wet or washed method (fruit skin and pulp are removed before drying). Mystic Monk Coffee is a small-batch roaster associated with a Carmelite monastery located in the Rocky Mountains of northern Wyoming. The monks emphasize an artisan approach to roasting and a commitment to quality. Visit www.mysticmonkcoffee.com or call 877-751-6377 for more information. A resonant, chocolate-toned Yirgacheffe cup, deeply sweet with floral and aromatic wood undertones.",41.10
1063,Bufcafe Rwanda Espresso,Medium-Light,"Evaluated as espresso. Delicate, crisply sweet-savory. Tamarind, baker’s chocolate, rhododendron, mulberry, oak in aroma and small cup. Confident, satiny-smooth mouthfeel; richly drying finish redolent of chocolate-toned aromatic oak. In three parts milk, chocolate and sweet floral notes merge and bloom, and a pretty hint of tangerine zest also surfaces. Produced from trees of the heirloom Bourbon variety of Arabica. Epiphanie Mukashyaka established the now famous Bufcafe washing station or wet mill following the Rwandan genocide and the loss of most of her family. She and her son now operate two wet mills and a dry mill in the area. Processed by the conventional wet or “washed” method, in which skin and fruit flesh are removed from the beans or seeds before they are dried. JBC Coffee Roasters’ vision is simple: “let the coffee lead the way” through sourcing and roasting the best and most unique coffees available and rewarding the farmers who grow those coffees with substantial premiums. Visit www.jbccoffeeroasters.com or call 608-256-5282 for more information. An unapologetically savory-sweet coffee, especially attractive in milk, where both basic taste tendencies are enhanced by notes of tamarind and citrus zest.",50.70
1064,Bufcafe Rwanda,Light,"Deeply sweet, richly savory. Dried apricot, roasted cacao nib, freesia, almond, tamarind in aroma and cup. Balanced, sweet-savory structure; syrupy-smooth mouthfeel. The finish leads with notes of dried stone fruit and spicy florals in the short, rounding to almond and cocoa in the long, with a hint of tamarind-like sweet-tartness. Produced from trees of local strains of the heirloom Bourbon variety of Arabica. Epiphanie Mukashyaka established the now famous Bufcafe washing station or wet mill following the Rwandan genocide and the loss of most of her family. She and her son now operate two wet mills and a dry mill in the area. Processed by the conventional wet or “washed” method, in which skin and fruit flesh are removed from the beans or seeds before they are dried. JBC Coffee Roasters’ vision is simple: “let the coffee lead the way” through sourcing and roasting the best and most unique coffees available and rewarding the farmers who grow those coffees with substantial premiums. Visit www.jbccoffeeroasters.com or call 608-256-5282 for more information. A superior Rwanda cup, classically sweet-savory with an appealing high-toned crispness.",50.70
1065,Gedeb Ethiopia,Medium-Light,"Deeply sweet, intensely pungent. Dark chocolate, tangerine zest, star jasmine, maple syrup, frankincense in aroma and cup. Deeply sweet-toned in structure with lively, bright acidity; satiny mouthfeel. The finish is as elegant as the cup implies: flavor-saturated, floral-, chocolate- and fruit-toned in both short and long. Southern Ethiopia coffees like this one are produced from traditional Ethiopian varieties of Arabica long grown in the region. This is a wet-processed or “washed” coffee, meaning the fruit skin and pulp were removed from the beans immediately after harvesting and before drying. Like virtually all southern Ethiopia coffees, this coffee is produced by villagers on small, garden plots interplanted with food and other subsistence crops. JBC Coffee Roasters’ vision is simple: “let the coffee lead the way” through sourcing and roasting the best and most unique coffees available and rewarding the farmers who grow those coffees with substantial premiums. Visit www.jbccoffeeroasters.com or call 608-256-5282 for more information. A big, juicy wet-processed Ethiopia cup laden with rich floral and fruit tones throughout, all enveloped in dark chocolate.",55.10
1066,Civet Yirgacheffe Sisota,Medium-Light,"Richly savory, sweetly herb-toned. Baker’s chocolate, fennel, black cherry, cedar, wisteria-like flowers in aroma and cup. Round, deeply sweet in structure; syrupy mouthfeel. The cocoa-toned finish leads with black cherry in the short, which settles into a cedar-toned flowers in the long. The cup profile of this coffee owes its originality to a complex, overlapping set of influences. First, tree variety: It was produced from heirloom varieties grown only in southern Ethiopia. Second, processing method: It was processed using a variation of the honey method, in which only the skins are removed from the coffee fruit and the beans are dried still enveloped in all or part of the fruit pulp. Finally, the beans were exposed to cultured strains of bacteria extracted from the excrement of the civet cat, making this a laboratory version of the famous kopi luwak, the coffee passed through the intestines of a civet cat or luwak. Good Chance Biotechnology., Ltd. is a Taiwan-based specialty coffee company. For more information, visit http://www.magiccat.pro/ or email [email protected] An impressively rich sweet-savory cup with a throughline of fennel-like herb notes. Interesting both for its unusual cup and its unusual processing variation.",908.30
1067,Civet Ethiopia Papilio Sidamo,Medium-Light,"Delicately sweet-tart, fruit-toned. Strawberry, aged rum, cocoa powder, pink peppercorn, celery seed in aroma and cup. Sweetly fermenty in structure; satiny-smooth in mouthfeel. A hint of aged rum carries the finish, accompanied by berry notes in the short and spice-toned savory notes in the long. The cup profile of this coffee owes its originality to a complex, overlapping set of influences. First, tree variety: It was produced from heirloom varieties grown only in southern Ethiopia. Second, processing method: It is a “natural” or dry-processed coffee, meaning the beans were dried inside the fruit, encouraging a flavor profile that is sweeter and deeper-toned than profiles associated with the more typical wet or “washed” process the which the soft fruit residue is removed before drying. Finally, the beans were exposed to cultured strains of bacteria extracted from the excrement of the civet cat, making this a laboratory version of the famous kopi luwak, the coffee passed through the intestines of a civet cat or luwak. Good Chance Biotechnology., Ltd. is a Taiwan-based specialty coffee company. For more information, visit http://www.magiccat.pro/ or email [email protected] A Sidamo coffee processed by the dry or natural method and treated with a cultured essence of kopi luwak that together net richly ripe fruit notes, cocoa tones, and a pleasing hint of sweet ferment.",908.30
1068,Estate Carbonic Maceration,Medium-Light,"Gently bittersweet, deeply floral-toned. Baker’s chocolate, aromatic orchid, hazelnut, oak in aroma and cup. Low-toned, crisply bittersweet in structure. Mouthfeel is light though silky. The finish consolidates to a rich, oaky chocolate. Ka’u is an emerging Hawaii coffee-growing district centered approximately 30 miles southeast of the famous Kona region. This Ka’u is produced by the Palehua Ohana Cooperative of small-holding Ka’u farmers, an organization dedicated to impeccable socio-economic and environmental practices. Carbonic maceration is an innovative variation on the wet or “washed” method, in which the whole coffee fruit is fermented in a carbon-dioxide rich environment before the fruit residue is removed and the beans are dried. The goal is to improve the clarity and sweetness of fruit notes. The method is being pioneered by Sasa Sestic, an Australian barista champion. Visit www.kauspecialtycoffee.com for more information. Delicately bittersweet and cocoa-toned, with flowers hinting at lushness.",130.00
1069,Ethiopia Banko Gotiti,Light,"Resonantly fruit-forward, elegant, complex. Honey, dried raspberry, chocolate truffle, aged rum, a hint of marjoram in aroma and cup. Juicy, rich structure with bright, vibrant acidity; full, satiny mouthfeel. A suggestion of sweet marjoram complicates the rich, flavor-saturated finish, which leads with honey and raspberry notes in the short, rounding to chocolate and aged rum in the long. Southern Ethiopia coffees like this one are produced from distinctive traditional Ethiopian varieties of Arabica long grown in the region. Like virtually all southern Ethiopia coffees, this coffee is produced by villagers on small garden plots interplanted with food and other subsistence crops. This is a dry-processed or “natural” coffee, meaning the beans were dried inside the fruit rather than after the fruit has been removed, as is the case with wet-processed or “washed” coffees. This coffee is certified organically grown and Fair Trade Certified, meaning it was purchased from small-holding farmers at a “fair” or economically sustainable price. Established in 2010, Red Rooster is an organic-certified micro-roaster focusing on socially conscious coffee and high-quality coffee. Visit redroostercoffee.com or call 540-745-7338 for more information. A juicy-sweet Ethiopia natural cup: lively and fruit-toned, with a hint of elegant, rum-like sweet ferment.",49.90
1070,Panama Auromar Estate Geisha Peaberry,Medium-Light,"Resonantly bright, floral-toned. Jasmine, frankincense, cardamom, toffee, apricot in aroma and cup. Balanced, sweetly tart structure with juicy acidity; crisp, velvety mouthfeel. The deep, flavor-saturated finish leads with caramel-toned apricot in the short, with rich florals resurfacing in the long. Regrettably, this fine coffee sold out before the publication of our review. Produced from trees of the rare Ethiopia-derived botanical variety Gesha (also Geisha) by farmer Roberto Brenes of Auromar Estate. With its generally elongated beans and distinctive floral and crisp, often chocolaty cup, the Gesha variety continues to distinguish itself as one of the world’s most unique coffees. This is a dry-processed or “natural” Gesha, meaning the beans were dried inside the fruit rather than after the fruit has been removed, as is the case with wet-processed or “washed” coffees. This sample also consists entirely of peaberries, a kind of bean that results when the coffee fruit develops only a single, oval bean rather than the usual pair of flat-sided beans. Peaberries produce a somewhat different (often better) cup than normal beans from the same crop, from which they may or may not be separated during grading. Based in the San Diego area, Bird Rock Coffee Roasters is a retailer and wholesaler focused on organic and socially responsible coffees; it was awarded the “2012 Micro-Roaster of the Year” title from Roast Magazine. Visit www.birdrockcoffee.com or call 858-551-1707 for more information. A vibrant, exhilarating natural-processed peaberry Gesha saturated with rich floral, spice and fruit aromas and flavors throughout the profile.",224.90
1071,Indonesia Emerald Mandheling,Medium-Light,"Deeply rich, spicy sweet. Pear, cedar, vanilla, grapefruit zest, cumin in aroma and cup. Tartly bittersweet in structure; full, syrupy though drying mouthfeel. Resonant finish consolidates around pear and a floral-toned vanilla. Coffees from the northern part of the Indonesian island of Sumatra are valued for their complex aromatic wood and fruit notes that appear to result largely from unorthodox fruit removal and drying practices called “wet-hulling.” This is a refined example of the type. A.R.C., whose motto is “more than specialty,” rigorously controls three vital elements: sourcing of green coffee, roasting, and, in cafe environments, water quality for brewed coffee. For more information, visit http://www.arc.coffee/en/index.html. Complex and dynamic in structure, balancing tart, sweet and bitter, with deeply layered and complex aromatics.",80.20
1072,Panama Finca Hartmann Geisha Natural,Light,"Delicate, deeply sweet, complexly layered. Passionfruit, roasted cacao nib, frankincense, lilac, almond in aroma and cup. Balanced, sweet-tart structure with juicy acidity; crisp, satiny mouthfeel. The richly cocoa-toned finish is redolent of tropical fruit and fragrant aromatic wood. Produced from trees of the rare Ethiopia-derived botanical variety Gesha (also Geisha) by the Hartmann family. With its generally elongated beans and distinctive floral and crisp, often chocolaty cup, the Gesha variety continues to distinguish itself as one of the world’s most unique coffees. This is a dry-processed or “natural” Gesha, meaning the beans were dried inside the fruit rather than after the fruit has been removed, as is the case with wet-processed or “washed” coffees. Temple Coffee is a quality-focused retail and wholesale specialty roaster active in Sacramento, California since 2005. Committed to sourcing, roasting and brewing the finest coffees, Temple features coffee from distinguished single estates and cooperatives around the world. Visit www.templecoffee.com or call 916-454-1282 for more information. An exciting natural-processed Geisha that leads with juicy fruit notes and deeply sweet florals, all wrapped in frankincense and cocoa.",238.10
1073,Ethiopia Reko Estate Yirgacheffe,Medium-Light,"Deep, intense, sweetly perfumy, savory-edged. Dark chocolate, vanilla, dried mango, sandalwood, a hint of dried mint in aroma and cup. Very sweet though also rather drying and tannic in structure; satiny mouthfeel. Resonant, flavor-saturated finish, sweet yet spicy, particularly impressive in the long. Yirgacheffe is a coffee region in southern Ethiopia that produces distinctive coffees from traditional varieties of Arabica long grown in the region. Processed by the wet or washed method (fruit skin and pulp are removed before drying).Like virtually all southern Ethiopia coffees, this coffee is produced by villagers on small, garden plots interplanted with food and other subsistence crops. Temple Coffee is a quality-focused retail and wholesale specialty roaster active in Sacramento, California since 2005. Committed to sourcing, roasting and brewing the finest coffees, Temple features coffee from distinguished single estates and cooperatives around the world. Visit www.templecoffee.com or call 916-454-1282 for more information. Expresses the deep, spicy-sweet side of the Yirgacheffe profile, engaging in its balance of savory depth and perfumy sweetness.",55.80
1074,Costa Rica Sonora Estate Venecia Natural,Medium-Light,"Rich, roundly sweet-tart. Peach, fresh-cut fir, baker’s chocolate, magnolia, brown sugar in aroma and cup. Bittersweet in structure; crisp, velvety mouthfeel. Baker’s chocolate and stone fruit carry the quietly resonant short finish, fresh-cut fir and deep florals prevail in the long. Produced by the father-son team of Alberto and Diego Guardia from trees of the Venecia variety, a mutant selection of the sturdy, compact-growing Caturra that withstands heavy rains, among other agronomic virtues. An unusually refined example of a dry-processed or “natural” coffee, meaning the beans were dried inside the fruit rather than after the fruit has been removed, as is the case with wet-processed or “washed” coffees. Temple Coffee is a quality-focused retail and wholesale specialty roaster active in Sacramento, California since 2005. Committed to sourcing, roasting and brewing the finest coffees, Temple features coffee from distinguished single estates and cooperatives around the world. Visit www.templecoffee.com or call 916-454-1282 for more information. An engaging natural-processed Costa Rica cup, with top notes of peach and undercurrents of wood-framed florals throughout.",60.30
1075,Jade Espresso,Medium-Light,"Evaluated as espresso. Richly and deeply pungent. Dark chocolate, cedar, orange zest, floral-toned vanilla, fresh pipe tobacco in aroma and small cup. Syrupy but lively mouthfeel; dark chocolate, cedar, orange carry into a resonant finish. The dark chocolate turns crisp and malty in three parts milk. Magnolia Coffee is a Charlotte, North Carolina-based specialty roaster whose motto is “Craft Roasted. Truly Delicious. Socially Conscious.” Magnolia Coffee focuses on direct-trade coffees that make a difference in the lives of the coffee harvesters and the local communities they serve.Visit www.magnoliacoffeeco.com or call 704-651-7726 for more information. Deep, rich, gently tart, chocolaty as a straight shot; gloriously dessert-like in three parts milk.",41.20
1076,Firebird Espresso,Medium-Light,"Evaluated as espresso. Richly sweet-tart. Dark chocolate, narcissus, candied blood orange zest, almond butter, cedar in aroma and small cup. Full, syrupy body; citrus- and cedar-toned finish. In three parts milk, notes of dark chocolate pleasin Founded in August 2016, Charlotte Coffee Company donates 10 percent of proceeds from all retail sales to local non-profits dedicated to ending homelessness and hunger. Visit www.charlottecoffeeco.com for more information. An evocative, richly sweet espresso blend centered on deep chocolate with rich floral and bright citrus undertones.",41.20
1077,Ethiopia Dumerso Light Roast,Medium,"Fruit-forward, delicate yet intense. Complex flowers (lily to lavendar), sandalwood, dark chocolate, plum, a hint of brandy in aroma and cup. Roundly and deeply crisp in structure; lightly satiny in mouthfeel. The finish is resonant and sweet with chocolate and a continuing hint of brandy. Yirgacheffe is a coffee region in southern Ethiopia that produces distinctive coffees from traditional varieties of Arabica long grown in the region. This is a “natural” or dry-processed version, meaning the beans were dried inside the fruit, encouraging a flavor profile that is less predictable and deeper than the more familiar wet-processed floral- and citrus-toned Yirgacheffe profile. Like virtually all southern Ethiopia coffees, this coffee is produced by villagers on small, garden plots interplanted with food and other subsistence crops. The WestBean is a San Diego-based roastery founded by two friends with a passion for coffee and a determination to bring their customers the highest quality hand-crafted coffee possible. Visit www.thewestbean.com or call 619-709-3232 for more information. A balanced yet intricate dried-in-the-fruit Yirgacheffe, flowers grounded in chocolate with a whiff of brandy.",70.50
1078,Kenya AA Karamundi,Medium-Light,"Delicate, sweetly tart. Roasted cacao nib, honeysuckle, tamarind, spearmint, plum in aroma and cup. Balanced structure with brisk acidity; crisp, satiny mouthfeel. Bittersweet in the short finish and sweetly wood-framed in the long. Produced by approximately 980 members of the Baragwi Farmers Cooperative Society from the SL28, SL34, Ruiru 11 and Batian varieties of Arabica. Despite grower discontent, contested government coffee policy and urban encroachment on prime coffee lands, the famed Kenya coffee auction system and its participating cooperatives continue to produce some of the world’s most elegant and distinctive coffees. Revel Coffee is a micro-roaster located in Billings, Montana. Its motto: “Quality is paramount—a difference you can revel in.” Visit www.revelcoffee.com or call 406-534-9621 for more information. A cocoa-toned Kenya cup with notes of stone fruit and sweet florals and the added intrigue of a tart, tamarind-like edge.",45.60
1079,Finca San Luis Colombia Espresso,Medium-Light,"Evaluated as espresso. Sweet-savory, intense, balanced. Spicy-toned flowers, tangerine zest, red berries, cedar, dark chocolate, roasted cashew in aroma and small cup. Syrupy but buoyant mouthfeel. Flowers, chocolate and citrus all carry into a resonant though slightly drying finish. Gently and sweetly citrusy in three parts milk, with a continued backgrounded chocolate and nut. Produced by Omar Arango in the Tolima Department of Colombia from trees of the respected Caturra and Catuai varieties of Arabica. This is a wet-processed or “washed” coffee, meaning the fruit skin and pulp were removed from the beans immediately after harvesting and before drying. Chocolate Fish is a distinguished New-Zealand-inspired micro-roaster based in Sacramento California, focused on the best in both quality and integrity. Visit www.chocolatefishcoffee.com or call 916-451-5181 for more information. A quietly zesty straight shot nicely rounded and deepened with chocolate and nut. All carry nicely into cappuccino-scaled milk.",51.40
