qcID,batchID,cuppingScore,tastingNotes,defectNotes
QC0001,RB0001,90.58,"Evaluated as espresso. Sweet-toned, deeply rich, chocolaty. Vanilla paste, dark chocolate, narcissus, pink grapefruit zest, black cherry in aroma and cup. Plush, syrupy mouthfeel; resonant, flavor-saturated finish. In three parts milk, rich chocolat…",cat1=0; cat2=0; quakers=0
QC0002,RB0002,89.92,"Evaluated as espresso. Sweetly tart, floral-toned. Honeysuckle, oak, dried apricot, dark chocolate, thyme in aroma and small cup. Delicately syrupy body; gently drying, floral-driven finish in the short and sweetly herb-toned in the long. In three p…",cat1=0; cat2=1; quakers=0
QC0003,RB0003,89.75,"Crisply sweet, cocoa-toned. Lemon blossom, roasted cacao nib, date, rice candy, white peppercorn in aroma and cup. Savory-tart structure; delicate, silky mouthfeel. The richly drying finish leads with cocoa-toned, crisply sweet floral notes in the s…",cat1=0; cat2=0; quakers=0
QC0004,RB0004,89.0,"Delicate, sweetly spice-toned. Pink peppercorn, date, myrrh, lavender, roasted cacao nib in aroma and cup. Crisp, spice-toned structure with citrus-like acidity; satiny, very smooth mouthfeel. The crisply sweet finish centers around spice and pungen…",cat1=0; cat2=2; quakers=0
QC0005,RB0005,88.83,"Deeply sweet, subtly pungent. Honey, pear, tangerine zest, dark chocolate, pistachio in aroma and cup. Sweet and juicy yet crisp in structure (think ripe pear); plush and buoyant in mouthfeel. Resonant and flavor saturated in the short finish; simpl…",cat1=0; cat2=2; quakers=0
QC0006,RB0006,88.83,"Delicate, richly and sweetly tart. Dried hibiscus, fine musk, almond, sandalwood, raspberry in aroma and cup. Fruit-toned, deeply sweet structure with gently-expressed acidity; buoyant, satiny-smooth mouthfeel. The crisp, flavor-saturated finish is…",cat1=0; cat2=1; quakers=0
QC0007,RB0007,88.75,"High-toned, floral. Dried apricot, magnolia, almond butter, maple syrup, cherry brandy in aroma and cup. Crisp, sweetly-tart in structure; plush, syrupy mouthfeel. Notes of magnolia and dried apricot dominate in the flavor-laden short finish, with h…",cat1=0; cat2=0; quakers=0
QC0008,RB0008,88.67,"Very delicate, sweetly savory. Lemon verbena, allspice, dried persimmon, dogwood, baker’s chocolate in aroma and cup. Balanced, sweet-savory structure; velvety-smooth mouthfeel. The sweetly herb-toned finish centers on notes of lemon verbena and dri…",cat1=0; cat2=0; quakers=0
QC0009,RB0009,88.42,"High-toned, crisply sweet. Lemon blossom, apricot, frankincense, spearmint, roasted cacao nib in aroma and cup. Balanced, complete sweet-savory structure; satiny, full mouthfeel. Sweet spearmint notes carry the cocoa-toned finish, with hints of lemo…",cat1=0; cat2=0; quakers=0
QC0010,RB0010,88.25,"Balanced, sweet-savory. Red currant, roasted cacao nib, clove, blood orange zest, frankincense in aroma and cup. Savory-sweet structure with lively acidity; syrupy mouthfeel. The resonant, spice-toned finish leads with intimations of clove and roast…",cat1=0; cat2=4; quakers=0
QC0011,RB0011,88.08,"Intense; deep, spice-complicated sweetness. Black currant, baker’s chocolate, peppercorn medley, black sage, a hint of lush lily in aroma and cup. Balanced and lively in structure: sweetly tart with a savory edge. Plush, silky mouthfeel. Chocolate m…",cat1=0; cat2=1; quakers=0
QC0012,RB0012,87.92,"Deeply crisp, lushly floral. Rose, almond, dark chocolate, lime zest, peppermint in aroma and cup. Tartly sweet with a clear savory edge in structure; plump, juicy mouthfeel. Finish is complex and resonant in the short, consolidating around a fading…",cat1=0; cat2=0; quakers=0
QC0013,RB0013,87.92,"Evaluated as espresso. Intrigungly complex, balanced. Dark chocolate, molasses, cedar, narcissus, date in aroma and small cup. Satiny-smooth body; sweetly cocoa-toned finish. In three parts milk, floral and cocoa tones lead in the short, while hints…",cat1=0; cat2=0; quakers=0
QC0014,RB0014,87.92,"Surprising and melodic, delicate yet vivid. Lilac and lemon blossom, fresh sweet grass, honey, moist pipe tobacco, fresh-cut elm in aroma and cup. In structure subtly and sweetly tart. Very light, silky mouthfeel. Unexpectedly rich and flavor-satura…",cat1=0; cat2=2; quakers=0
QC0015,RB0015,87.83,"Delicate, gently tart, spice-toned. Pomegranate, cocoa powder, lemon blossom, white peppercorn, hazelnut in aroma and cup. Lively, quietly complex structure; crisp, buoyant mouthfeel. The finish leads with gently drying notes of hazelnut and white p…",cat1=0; cat2=2; quakers=0
QC0016,RB0016,87.58,"Rich, sweet-toned, balanced. Nougat, pink peppercorn, lemongrass, roasted cacao nib, tea rose in aroma and cup. Floral-toned, bittersweet structure; delicate, satiny mouthfeel. Notes of aromatic wood and spice-toned florals carry the gently drying f…",cat1=0; cat2=0; quakers=0
QC0017,RB0017,87.42,"Evaluated as espresso. Subtle and enveloping, richly sweet-toned. Jasmine, roasted cacao nib, passionfruit, sandalwood, nougat in aroma and small cup. Delicate, silky mouthfeel; cocoa- and sandalwood-toned finish with notes of passionfruit carrying…",cat1=0; cat2=0; quakers=0
QC0018,RB0018,87.33,"Sweet, delicate, floral and wood-toned. Fresh-cut fir, demerara sugar, orange zest, faint rose-like flowers in aroma and cup. Gently bittersweet structure; very lightly syrupy mouthfeel. Flavor consolidates but persists in a round, sweet-toned finis…",cat1=0; cat2=2; quakers=0
QC0019,RB0019,87.25,"Crisply sweet, multi-faceted. Candied violet, dark chocolate, pungent juniper wood, grapefruit zest, mango in aroma and cup. Sweetly tart structure with juicy acidity; satiny mouthfeel. The resonant finish centers around mango and violet in the shor…",cat1=0; cat2=0; quakers=0
QC0020,RB0020,87.25,"Spectacularly sweet and hugely aromatic. Meyer lemon marmalade, cedar, pistachio, guava, jasmine in aroma and cup. Crisply sweet/tart and massively juicy in structure; plush, buoyant mouthfeel. The juicy structure and complex aromatics persist in a…",cat1=0; cat2=8; quakers=0
QC0021,RB0021,87.25,"Crisply sweet-savory. Lavender, roasted cacao nib, strawberry guava, hazelnut, toasted barley in aroma and cup. Sweetly floral structure with savory undertones; crisp, velvety mouthfeel. The cocoa-toned finish leads with spicy florals and tropical f…",cat1=0; cat2=0; quakers=0
QC0022,RB0022,87.17,"Sweetly pungent, gently roasty. Scorched cedar, dark chocolate, plum, lavender, lime zest in aroma and cup. Complex in structure: sweetly tart with a roasty, savory depth. Light, satiny mouthfeel. Lemon zest, dark chocolate, plum carry into a rich t…",cat1=0; cat2=2; quakers=0
QC0023,RB0023,87.17,"Elegant, deep, sweetly savory. Jasmine, sandalwood, plum, nutella-like nut and cocoa, tangerine zest in aroma and cup. High-toned, balanced structure with citrusy acidity; syrupy-smooth mouthfeel. The finish is long, resonant and flavor-saturated, c…",cat1=0; cat2=0; quakers=0
QC0024,RB0024,87.08,"Evaluated as espresso. Balanced, deeply and sweetly pungent. Honeysuckle, cashew, baker’s chocolate, cedar, caramel in aroma and small cup. Satiny mouthfeel; crisp, resonant finish that leads with baker’s chocolate in the short, rounding to nut-tone…",cat1=0; cat2=0; quakers=0
QC0025,RB0025,87.08,"Evaluated as espresso. Floral-toned, lively. Black currant, narcissus, sandalwood, roasted cacao nib, molasses in aroma and small cup. Syrupy, buoyant mouthfeel; gently drying, flavor-saturated finish centered around notes of black currant and narci…",cat1=0; cat2=1; quakers=0
QC0026,RB0026,86.92,"Bright, richly sweet, complex. Red currant, lilac, dark chocolate, lime zest, redwood in aroma and cup. Sweetly savory in structure, with juicy acidity; plush, syrupy mouthfeel. The balanced finish is resonant with notes of red currant and dark choc…",cat1=0; cat2=2; quakers=0
QC0027,RB0027,86.92,"Delicately sweet and balanced with a subtle hint of fermented fruit. Peach, sweet chocolate, sandalwood, honeysuckle, almond in aroma and cup. Gently and sweetly bright in structure; light yet satiny in mouthfeel. Quiet but resonantly long finish: p…",cat1=0; cat2=2; quakers=0
QC0028,RB0028,86.83,"Sweetly pungent, lightly savory. Unusual aromatics: floral-toned honey, plum, musk, a hint of coriander in aroma and cup. Crisply sweet, savory-edged structure; lightly syrupy mouthfeel. Dry and gently flavor-saturated in the finish.",cat1=0; cat2=1; quakers=0
QC0029,RB0029,86.67,"Brisk and subtly layered. Almond butter, dried apricot, fresh-cut fir, hints of dark chocolate and clover in aroma and cup. Sweetly brisk and dry in structure; lightly syrupy mouthfeel. The drying structure sweetens and smoothes a bit in the finish,…",cat1=0; cat2=3; quakers=0
QC0030,RB0030,86.58,"Deeply and pungently sweet-tart. Lavender, grapefruit zest, sandalwood, blackberry, a hint of baker’s chocolate in aroma and cup. Simultaneously brightly tart and deeply savory in structure. Lightly syrupy, plush mouthfeel. Grapefruit zest and black…",cat1=0; cat2=0; quakers=0
QC0031,RB0031,86.58,"Sweet, spice-toned, pungent. Hazelnut, cocoa, ripe cantaloupe, tangerine zest, a hint of cinnamon in aroma and cup. Complexly structured: very sweet, gently tart, slightly bitterish. Syrupy and full in mouthfeel. Cocoa and tangerine carry into a dee…",cat1=0; cat2=2; quakers=0
QC0032,RB0032,86.5,"Delicate, sweetly tart. Strawberry, caramel, musk, cocoa butter, magnolia in aroma and cup. Quietly tart-leaning structure with sweet undertones; plush, syrupy body. The perfumy, almost musk-like finish is characterized by tart fruit notes in the sh…",cat1=0; cat2=1; quakers=0
QC0033,RB0033,86.42,"Deeply and richly sweet-savory. Orange marmalade, pipe tobacco, dried fig, dark chocolate, freesia-like flowers in aroma and cup. Bright, sweetly-tart in structure with zesty acidity; delicately satiny mouthfeel. Notes of richly savory pipe tobacco…",cat1=0; cat2=2; quakers=0
QC0034,RB0034,86.33,"Deeply sweet, fruit- and cocoa-toned. Baker’s chocolate, dried coconut, tea rose, almond, cedar in aroma and cup. Fruit-toned structure with round, gentle acidity; crisp though syrupy mouthfeel. The spice-toned finish suggests homemade fruitcake, wi…",cat1=0; cat2=0; quakers=0
QC0035,RB0035,86.25,"Deeply sweet, chocolate-toned. Dark chocolate, Brazil nut, gardenia, baked apple, cedar in aroma and cup. Roundly sweet in structure; lean, lightly syrupy body. The gently drying finish is characterized by notes of dark chocolate throughout, support…",cat1=0; cat2=3; quakers=0
QC0036,RB0036,86.25,"Richly sweet, fruit-toned. Dried strawberry, dark chocolate, freesia-like flowers, tangerine zest, a hint of aged rum in aroma and cup. Sweetly round in structure; syrupy mouthfeel. The finish is crisply and richly drying with lingering hints of age…",cat1=0; cat2=1; quakers=0
QC0037,RB0037,86.25,"Richly sweet, spice-toned. Baker’s chocolate, tangerine zest, clove, date, sandalwood in aroma and cup. High-toned, sweetly tart in structure; plush and syrupy in mouthfeel. The finish centers around cocoa-toned clove notes and deeply sweet fruit in…",cat1=1; cat2=4; quakers=0
QC0038,RB0038,86.25,"Deeply sweet-savory, uniquely pungent. Ripe tomato, pink peppercorn, lantana-like flowers, blood orange zest, fresh pipe tobacco in aroma and cup. Savory-leaning, richly sweet in structure; plush and syrupy in mouthfeel. The finish is equal parts sw…",cat1=2; cat2=1; quakers=0
QC0039,RB0039,86.25,"Crisply sweet-tart, high-toned. Lemon verbena, cedar, pomegranate, lavender, maple syrup in aroma and cup. Sweetly tart in structure with bright, juicy acidity. The finish is deep and rich, with sweet, lemony herb tones, tart fruit notes, and hints…",cat1=0; cat2=2; quakers=0
QC0040,RB0040,86.17,"Intensely sweet, intricately rich. Pink grapefruit zest, blackberry, fresh pipe tobacco, lavender, baker’s chocolate in aroma and cup. Balanced, sweet-savory structure; crisp, satiny, buoyant mouthfeel. The resonant finish leads with notes of berry…",cat1=0; cat2=0; quakers=0
QC0041,RB0041,86.17,"Crisp, sweet-savory. Mulberry, pink peppercorn, maple syrup, gardenia, cedar in aroma and cup. Crisply sweet-savory in structure; viscous, velvety mouthfeel. The rich though drying finish centers around spicy florals and berry tones in the short and…",cat1=1; cat2=9; quakers=0
QC0042,RB0042,86.17,"Sweetly pungent, richly savory-toned. Blackberry jam, roasted cacao nib, rhododendron, sundried tomato, nougat in aroma and cup. Sweet-savory structure with crisp, floral acidity; viscous, lightly syrupy mouthfeel. The finish is sweet-toned and bala…",cat1=0; cat2=2; quakers=0
QC0043,RB0043,86.17,"Bright, crisp, deeply sweet. Honey, lilac, cedar, tea rose, mango in aroma and cup. Crisply sweet-tart structure; satiny-smooth body. Notes of mango and spice-toned florals carry the short finish, while honey lingers in the long.",cat1=0; cat2=3; quakers=0
QC0044,RB0044,86.08,"Crisp, sweetly tart. Dark chocolate, pie cherry, cedar, honey, magnolia in aroma and cup. Bittersweet in structure with crisp, citrus-like acidity; velvety mouthfeel. The finish consolidates to honey-toned stonefruit in the short and dark chocolate…",cat1=0; cat2=0; quakers=0
QC0045,RB0045,86.08,"Complex, uniquely sweet, tropical. Plumeria, roasted cacao nib, mango, sandalwood, nougat in aroma and cup. Sweetly tart structure with bright, juicy acidity; syrupy mouthfeel. The finish carries through on the promise of the cup, with rich florals…",cat1=0; cat2=2; quakers=0
QC0046,RB0046,86.08,"High-toned, richly sweet. Strawberry guava, roasted cacao nib, lime zest, jasmine, almond in aroma and cup. Sweetly-tart structure with juicy, balanced acidity; plush, syrupy mouthfeel. The finish is long and resonant, with lime zest and strawberry…",cat1=0; cat2=2; quakers=0
QC0047,RB0047,86.0,"Spice-toned, richly sweet. Raspberry, dark chocolate, hazelnut, gardenia, bergamot in aroma and cup. Sweet, fruit-forward structure; full, satiny mouthfeel. The resonant, flavor-saturated finish is characterized by notes of rich chocolate with berry…",cat1=0; cat2=0; quakers=0
QC0048,RB0048,86.0,"Sweetly bright, spicy and savory-edged. Orange zest, black currant, baker’s chocolate, tamarind, floral-toned vanilla, redwood in aroma and cup. Deeply bright and richly savory in structure; syrupy, lively mouthfeel. Very deep, very lasting finish,…",cat1=1; cat2=1; quakers=0
QC0049,RB0049,86.0,"Richly sweet/tart, crisply complex. Dark chocolate, roasted cashew, pink grapefruit, sandalwood, Chinese five-spice in aroma and cup. Structure is drying but sweetly juicy; buoyant and plump in mouthfeel. Nut-toned chocolate with a hint of sandalwoo…",cat1=0; cat2=1; quakers=0
QC0050,RB0050,86.0,"Sweet, deep, intense but balanced. Peach, maple syrup, sandalwood, grapefruit zest, almond, magnolia in aroma and cup. Round, resonantly and sweetly bright in structure. Silky and buoyant in mouthfeel. Deep, long, flavor-saturated finish.",cat1=0; cat2=0; quakers=0
QC0051,RB0051,86.0,"Crisply and sweetly tart, delicate yet confident. Peach, vanilla bean, grapefruit zest, almond, pink peppercorn in aroma and cup. Poised in structure: sweet, tart, savory. Mouthfeel is cushiony, plush. Flavor saturates a savory-edged, drying finish.",cat1=0; cat2=4; quakers=0
QC0052,RB0052,86.0,"Spice-toned, chocolaty. Chocolate-toned malt, date, hazelnut, fresh pipe tobacco, stick cinnamon in aroma and cup. Richly bittersweet in structure; velvety-smooth mouthfeel. The finish is richly chocolate-toned with a hint of cinnamon.",cat1=0; cat2=0; quakers=0
QC0053,RB0053,85.92,"Crisply sweet, intricate, delicately rich. Jasmine, tangerine zest, sandalwood, sweet ripe banana, roasted cacao nib in aroma and cup. Balanced, roundly and gracefully sweet/tart in structure. Light-footed and plush in mouthfeel. Flavor consolidates…",cat1=0; cat2=3; quakers=1
QC0054,RB0054,85.92,"Deeply sweet, delicately zesty, complexly fruit- and floral-toned. Peach, grapefruit zest, alyssum-like flowers, dark chocolate, cinnamon in aroma and cup. Sweetly tart in structure, with a deepening savory-bitter edge. Light, satiny mouthfeel; flav…",cat1=0; cat2=0; quakers=0
QC0055,RB0055,85.92,"Evaluated as espresso. Crisply sweet-tart. Frangipane, dark chocolate, cedar, tamarind, jasmine in aroma and small cup. Crisp, velvety mouthfeel; nut-toned, richly tannic finish. In cappuccino-scaled milk, invitingly bittersweet, with notes of dark…",cat1=1; cat2=0; quakers=0
QC0056,RB0056,85.83,"Sweetly tart, intense but balanced. Orange zest, red currant, tea rose, white sage, roasted cashew in aroma and cup. Brisk and savory-edged but sweet in structure; impressively buoyant, almost effervescent mouthfeel. Flavor fades to hints of sage an…",cat1=0; cat2=0; quakers=1
QC0057,RB0057,85.83,"Evaluated as espresso. Sweetly bright, tartly juicy. Grapefruit zest, mango, chocolate, fresh-cut fir in aroma and small cup. Very lightly syrupy and lively in mouthfeel. Rounds in the finish and the chocolate comes forward. In three parts milk a dr…",cat1=0; cat2=4; quakers=0
QC0058,RB0058,85.83,"Intensely rich, deeply sweet, complex. Chocolate fudge, lavender, grapefruit zest, moist perique-style tobacco, coconut-covered date in aroma and cup. Balanced, sweetly savory in structure with lively acidity; buoyant, syrupy mouthfeel. The flavor-l…",cat1=0; cat2=3; quakers=0
QC0059,RB0059,85.83,"Crisply sweet, high-toned. Maple syrup, narcissus, ripe orange, hazelnut, a hint of cardamom in aroma and cup. Gently sweet-tart structure; velvety mouthfeel. The short finish leads with attractive bittersweet orange tones; narcissus and cardamom ca…",cat1=0; cat2=1; quakers=0
QC0060,RB0060,85.75,"Richly sweet, crisply complex, spice-toned. Lilac, bergamot, white peach, caramelized walnut, sandalwood in aroma and cup. Delicate, sweetly tart, juicy in structure; crisp, satiny mouthfeel. The quietly resonant finish is flavor-saturated: stonefru…",cat1=0; cat2=7; quakers=4
QC0061,RB0061,85.75,"Delicate, crisply sweet. Dried coconut, baker’s chocolate, candied violet, cedar, nutmeg in aroma and cup. Balanced, sweet-tart structure; silky mouthfeel. The gently drying finish is carried by notes of chocolate-toned coconut in the short and ceda…",cat1=4; cat2=6; quakers=0
QC0062,RB0062,85.75,"Engaging, richly sweet-savory. Caramelized fig, earthy pipe tobacco, aged rum, hibiscus, cinnamon in aroma and cup. Sweetly tart structure; velvety-smooth mouthfeel. The long finish consolidates to cinnamon and caramelized fig, with a hint of aged r…",cat1=0; cat2=1; quakers=0
QC0063,RB0063,85.58,"Sweet-toned, fruit-forward. Raspberry, cedar, baker’s chocolate, gardenia, molasses in aroma and cup. Bittersweet structure; velvety mouthfeel. The crisp, gently drying finish leads with notes of chocolate-toned berries in the short, and spicy-sweet…",cat1=0; cat2=3; quakers=0
QC0064,RB0064,85.58,"Richly sweet, high-toned. Maple syrup, orange zest, roasted cacao nib, peach, cedar in aroma and cup. Sweet-tart structure; satiny mouthfeel. The resonant finish has a throughline of roasted cacao nib, accompanied by notes of peach and maple syrup i…",cat1=0; cat2=0; quakers=0
QC0065,RB0065,85.58,"Vibrant, richly sweet, clear-toned. Roasted cacao nib, ginger blossom, dried fig, sandalwood, sugar cane in aroma and cup. Lushly sweet-tart in structure with juicy acidity; crisp, velvety mouthfeel. The deep, resonant finish is flavor-laden, fulfil…",cat1=0; cat2=1; quakers=0
QC0066,RB0066,85.5,"Intense, dynamic, richly sweet-savory. Passionfruit jam, baker’s chocolate, aromatic orchid, sandalwood, almond in aroma and cup. Bright, sweetly tart in structure; full, velvety mouthfeel. The resonant finish is crisply sweet, with layers of comple…",cat1=2; cat2=2; quakers=0
QC0067,RB0067,85.5,"Evaluated as espresso. Deeply expressed dark chocolate, magnolia-like flowers, grapefruit zest, date, cedar in aroma and small cup. Lean, though very smooth mouthfeel; chocolate-toned finish with hints of cedar. The chocolate deepens in three parts…",cat1=0; cat2=3; quakers=0
QC0068,RB0068,85.5,"Delicate, sweetly spice-toned. Red currant, lemon verbena, baker’s chocolate, rose hips, a hint of cannabis in aroma and cup. Crisply sweet-savory structure; crisp, velvety mouthfeel. The finish is sweetly herb-toned, leading with notes of lemon ver…",cat1=0; cat2=7; quakers=0
QC0069,RB0069,85.5,"Evaluated as espresso. Bright, zesty-sweet. Baker’s chocolate, lemon zest, black cherry, fresh-cut fir, narcissus in aroma and small cup. Crisp, velvety mouthfeel; balanced, sweetly tart finish. In three-parts milk the coffee particularly impresses:…",cat1=0; cat2=1; quakers=0
QC0070,RB0070,85.5,"Sweetly savory, layered. Rhododendron-like flowers, cinnamon, baker’s chocolate, cedar, red currant in aroma and cup. Round, savory-leaning structure; crisp, velvety mouthfeel. The quiet finish centers on notes of vanilla-like florals and baker’s ch…",cat1=0; cat2=1; quakers=0
QC0071,RB0071,85.42,"Richly sweet, chocolate-toned. Molasses, baker’s chocolate, lily, cedar, black peppercorn in aroma and cup. Bittersweet structure with round, gentle acidity; velvety-smooth mouthfeel. The finish is thoroughly chocolate-toned, leading with baker’s ch…",cat1=0; cat2=18; quakers=0
QC0072,RB0072,85.42,"Evaluated as espresso. Delicate, crisply sweet-savory. Tamarind, baker’s chocolate, rhododendron, mulberry, oak in aroma and small cup. Confident, satiny-smooth mouthfeel; richly drying finish redolent of chocolate-toned aromatic oak. In three parts…",cat1=0; cat2=5; quakers=0
QC0073,RB0073,85.42,"Deeply sweet, richly savory. Dried apricot, roasted cacao nib, freesia, almond, tamarind in aroma and cup. Balanced, sweet-savory structure; syrupy-smooth mouthfeel. The finish leads with notes of dried stone fruit and spicy florals in the short, ro…",cat1=4; cat2=6; quakers=0
QC0074,RB0074,85.42,"Deeply sweet, intensely pungent. Dark chocolate, tangerine zest, star jasmine, maple syrup, frankincense in aroma and cup. Deeply sweet-toned in structure with lively, bright acidity; satiny mouthfeel. The finish is as elegant as the cup implies: fl…",cat1=0; cat2=1; quakers=0
QC0075,RB0075,85.42,"Richly savory, sweetly herb-toned. Baker’s chocolate, fennel, black cherry, cedar, wisteria-like flowers in aroma and cup. Round, deeply sweet in structure; syrupy mouthfeel. The cocoa-toned finish leads with black cherry in the short, which settles…",cat1=0; cat2=0; quakers=0
QC0076,RB0076,85.33,"Delicately sweet-tart, fruit-toned. Strawberry, aged rum, cocoa powder, pink peppercorn, celery seed in aroma and cup. Sweetly fermenty in structure; satiny-smooth in mouthfeel. A hint of aged rum carries the finish, accompanied by berry notes in th…",cat1=0; cat2=0; quakers=0
QC0077,RB0077,85.33,"Gently bittersweet, deeply floral-toned. Baker’s chocolate, aromatic orchid, hazelnut, oak in aroma and cup. Low-toned, crisply bittersweet in structure. Mouthfeel is light though silky. The finish consolidates to a rich, oaky chocolate.",cat1=0; cat2=1; quakers=0
QC0078,RB0078,85.33,"Resonantly fruit-forward, elegant, complex. Honey, dried raspberry, chocolate truffle, aged rum, a hint of marjoram in aroma and cup. Juicy, rich structure with bright, vibrant acidity; full, satiny mouthfeel. A suggestion of sweet marjoram complica…",cat1=0; cat2=0; quakers=0
QC0079,RB0079,85.33,"Crisply sweet, spice-toned. Dried papaya, caramel, tangerine zest, pink-peppercorn, vanilla in aroma and cup. High-toned, sweetly tart in structure with juicy, bright acidity; lean, though satiny-smooth mouthfeel. The resonant, richly drying finish…",cat1=0; cat2=2; quakers=0
QC0080,RB0080,85.33,"Resonantly bright, floral-toned. Jasmine, frankincense, cardamom, toffee, apricot in aroma and cup. Balanced, sweetly tart structure with juicy acidity; crisp, velvety mouthfeel. The deep, flavor-saturated finish leads with caramel-toned apricot in…",cat1=0; cat2=2; quakers=0
QC0081,RB0081,85.33,"Deeply rich, spicy sweet. Pear, cedar, vanilla, grapefruit zest, cumin in aroma and cup. Tartly bittersweet in structure; full, syrupy though drying mouthfeel. Resonant finish consolidates around pear and a floral-toned vanilla.",cat1=0; cat2=6; quakers=0
QC0082,RB0082,85.33,"Delicate, deeply sweet, complexly layered. Passionfruit, roasted cacao nib, frankincense, lilac, almond in aroma and cup. Balanced, sweet-tart structure with juicy acidity; crisp, satiny mouthfeel. The richly cocoa-toned finish is redolent of tropic…",cat1=0; cat2=2; quakers=0
QC0083,RB0083,85.33,"Deep, intense, sweetly perfumy, savory-edged. Dark chocolate, vanilla, dried mango, sandalwood, a hint of dried mint in aroma and cup. Very sweet though also rather drying and tannic in structure; satiny mouthfeel. Resonant, flavor-saturated finish,…",cat1=0; cat2=3; quakers=0
QC0084,RB0084,85.25,"Rich, roundly sweet-tart. Peach, fresh-cut fir, baker’s chocolate, magnolia, brown sugar in aroma and cup. Bittersweet in structure; crisp, velvety mouthfeel. Baker’s chocolate and stone fruit carry the quietly resonant short finish, fresh-cut fir a…",cat1=0; cat2=2; quakers=2
QC0085,RB0085,85.25,"Evaluated as espresso. Intensely chocolaty, vivaciously fruit-toned. Dark chocolate, narcissus, pie cherry, molasses, sandalwood in aroma and small cup. Rich, syrupy mouthfeel. A resonant finish leads with cherry and narcissus notes in the short and…",cat1=0; cat2=0; quakers=0
QC0086,RB0086,85.25,"Evaluated as espresso. Richly and deeply pungent. Dark chocolate, cedar, orange zest, floral-toned vanilla, fresh pipe tobacco in aroma and small cup. Syrupy but lively mouthfeel; dark chocolate, cedar, orange carry into a resonant finish. The dark…",cat1=0; cat2=2; quakers=0
QC0087,RB0087,85.17,"Evaluated as espresso. Richly sweet-tart. Dark chocolate, narcissus, candied blood orange zest, almond butter, cedar in aroma and small cup. Full, syrupy body; citrus- and cedar-toned finish. In three parts milk, notes of dark chocolate pleasin",cat1=0; cat2=3; quakers=0
QC0088,RB0088,85.17,"Fruit-forward, delicate yet intense. Complex flowers (lily to lavendar), sandalwood, dark chocolate, plum, a hint of brandy in aroma and cup. Roundly and deeply crisp in structure; lightly satiny in mouthfeel. The finish is resonant and sweet with c…",cat1=0; cat2=7; quakers=0
QC0089,RB0089,85.08,"Delicate, sweetly tart. Roasted cacao nib, honeysuckle, tamarind, spearmint, plum in aroma and cup. Balanced structure with brisk acidity; crisp, satiny mouthfeel. Bittersweet in the short finish and sweetly wood-framed in the long.",cat1=0; cat2=8; quakers=1
QC0090,RB0090,85.08,"Evaluated as espresso. Sweet-savory, intense, balanced. Spicy-toned flowers, tangerine zest, red berries, cedar, dark chocolate, roasted cashew in aroma and small cup. Syrupy but buoyant mouthfeel. Flowers, chocolate and citrus all carry into a reso…",cat1=0; cat2=0; quakers=0
QC0091,RB0091,85.08,"Evaluated as espresso. Rich, deeply roast-toned. Dark-chocolate, ripe pear, scorched sandalwood, tangerine zest, honeysuckle-like flowers in aroma and small cup. Syrupy, plump mouthfeel; resonant finish is dry but alive with aromatics: dark chocolat…",cat1=2; cat2=7; quakers=0
QC0092,RB0092,85.08,"Delicate but richly intricate. Cocoa, almond paste, lemon verbena, hints of lily and grappa-like spirits in aroma and cup. Savory-sweet and brisk, though juicy in structure. Very lightly syrupy in mouthfeel. The finish is deeply savory-sweet and cri…",cat1=2; cat2=2; quakers=0
QC0093,RB0093,85.08,"Deeply and richly sweet; spice-toned. Lavender, mulberry, bay leaf, lemon zest, allspice in aroma and cup. Sweet-toned structure with vibrant acidity; buoyant, silky mouthfeel. The long, resonant finish is laden with spice-toned floral notes and bri…",cat1=0; cat2=8; quakers=0
QC0094,RB0094,85.08,"Richly sweet, floral-toned. Wisteria, roasted cacao nib, almond, caramel, hint of musk in aroma and cup. Balanced, sweetly tart structure with juicy acidity; crisply velvety mouthfeel. The finish consolidates to a pretty cocoa-toned musk in the shor…",cat1=1; cat2=7; quakers=0
QC0095,RB0095,85.08,"Integrated, floral- and sweetly earth-toned. Lavender, perique pipe tobacco, tangerine zest, apricot, roasted cacao nib in aroma and cup. Sweet-savory in structure; syrupy-smooth body. The short finish is resonant with spicy floral and stone fruit n…",cat1=0; cat2=5; quakers=0
QC0096,RB0096,85.08,"Intricate, layered, deeply sweet. Blackberry, nougat, roasted cacao nib, frankincense, tangerine zest in aroma and cup. Crisply sweet-tart structure; full, satiny mouthfeel. Notes of blackberry enveloped in cocoa frame the quiet short finish, roundi…",cat1=0; cat2=0; quakers=0
QC0097,RB0097,85.0,"Floral-toned, crisp, deeply sweet. Dried strawberry, freesia, toffee, hazelnut butter, fresh-cut cedar in aroma and cup. Sweet-toned structure; syrupy, almost creamy body. Notes of freesia-like flowers and hazelnut butter dominate in the short finis…",cat1=0; cat2=1; quakers=0
QC0098,RB0098,85.0,"Deeply and richly sweet, complex, layered. Apricot, dark chocolate, nut-toned toffee, sandalwood, fresh humus (forest floor).Sweet-savory structure with lively, juicy acidity; velvety-smooth mouthfeel. The flavor-saturated finish is resonant with no…",cat1=0; cat2=3; quakers=0
QC0099,RB0099,85.0,"High-toned, brightly sweet. Honeysuckle, spearmint, pomegranate, cedar, baker’s chocolate in aroma and cup. Sweetly tart structure with buoyant acidity; delicate, silky mouthfeel. Sweet notes of honeysuckle characterize the short finish, while choco…",cat1=1; cat2=1; quakers=1
QC0100,RB0100,85.0,"Lush, deeply and richly sweet. Ginger blossom, pineapple, myrrh, maple syrup, orange marmalade in aroma and cup. Richly sweet-tart in structure with vibrant acidity; satiny mouthfeel. The long finish morphs from notes of tropical flowers in the long…",cat1=0; cat2=3; quakers=0
QC0101,RB0101,85.0,"High-toned, richly sweet. Nectarine, apple blossom, redwood, dark chocolate, grapefruit zest in aroma and cup. Sweetly tart structure with bright, lively acidity; crisp, velvety-smooth mouthfeel. The finish is saturated with notes of stone fruit and…",cat1=0; cat2=7; quakers=5
QC0102,RB0102,85.0,"Fruit-driven, intensely sweet. Bergamot, mango, sandalwood, baker’s chocolate, citrus blossom in aroma and cup. Richly sweet structure with rounded acidity; plush, syrupy mouthfeel. The finish sustains the fruit-forward momentum of the cup, backed b…",cat1=0; cat2=5; quakers=0
QC0103,RB0103,85.0,"Delicate but deeply and quietly intense. Cocoa, peach, fresh-cut fir, brown sugar, a hint of lush, lily-like flowers in aroma and cup. Balanced, crisply sweet in structure; light-footed and lively in mouthfeel. Cocoa dominates in a resonant, flavor-…",cat1=0; cat2=3; quakers=0
QC0104,RB0104,85.0,"Big, round, deeply resonant, layered. Fresh-cut cedar, baker’s chocolate, autumn squash, a hint of thyme in aroma and cup. Sweet-savory, low-toned in structure; full, syrupy in mouthfeel. In the finish most flavor details fade, but a powerful, choco…",cat1=0; cat2=0; quakers=0
QC0105,RB0105,85.0,"Roundly and sweetly citrusy. Ripe tangerine, caramel, freesia-like flowers, cedar, a hint perhaps of fresh parsley-like herb in aroma and cup. Sweetly and gently tart, pure and juicy in structure. Very smooth, fullish, satiny mouthfeel. Flavor conso…",cat1=0; cat2=1; quakers=0
QC0106,RB0106,85.0,"Lush, vibrant; intricate and balanced. Fine musk, dried jasmine, passionfruit, bergamot, dark chocolate in aroma and cup. Complex, richly sweet structure with bright acidity. Buoyant, silky mouthfeel. The resonant finish fulfills the promise of the…",cat1=0; cat2=1; quakers=0
QC0107,RB0107,84.92,"Crisp, richly and sweetly tart. Candied apple, magnolia, cashew butter, sassafras, pomegranate in aroma and cup. Sweet-tart in structure with juicy acidity; velvety-smooth mouthfeel. The richly drying, subtle finish centers around notes of nut butte…",cat1=1; cat2=2; quakers=6
QC0108,RB0108,84.92,"Delicate, crisply sweet-savory, roast-rounded. Dark chocolate, orange blossom, almond, sandalwood, tamari in aroma and cup. Savory sweet in structure with gentle acidity; crisp, satiny mouthfeel. The finish is rich with notes of dark chocolate and a…",cat1=0; cat2=1; quakers=0
QC0109,RB0109,84.92,"Deeply sweet, richly wood-framed. Watermelon candy, sandalwood, narcissus-like flowers, toasted pecan, maple syrup in aroma and cup. Bittersweet structure; crisp, satiny mouthfeel. Aromatic wood leads in the short finish, while notes of watermelon c…",cat1=0; cat2=0; quakers=0
QC0110,RB0110,84.92,"Evaluated as espresso. Crisp, richly sweet. Dark chocolate, lily, caramelized walnut, grapefruit zest, fresh-cut fir in aroma and small cup. Lightly syrupy body; richly drying, citrus-toned finish. Chocolaty and floral-toned in three parts milk.",cat1=0; cat2=2; quakers=0
QC0111,RB0111,84.92,"Evaluated as espresso. Richly floral, chocolate-toned, sweetly tart. Wisteria, dark chocolate, tangerine zest, molasses, dried apricot in aroma and small cup. Viscous, lightly syrupy mouthfeel; crisp, cocoa-toned finish. Very floral in cappuccino-sc…",cat1=0; cat2=3; quakers=0
QC0112,RB0112,84.92,"Deeply and richly sweet. Strawberry, peach, sandalwood, almond butter, chrysanthemum in aroma and cup. Sweetly tart structure; crisp, satiny mouthfeel. The quiet finish consolidates around notes of almond and sandalwood.",cat1=0; cat2=0; quakers=0
QC0113,RB0113,84.92,"Pungent and earthy with a quietly persuasive sweetness. Fresh clay, grapefruit zest, baker’s chocolate, vanilla bean, ripe pear in aroma and cup. Sweet/savory in structure; light but plush mouthfeel. Clay, grapefruit and vanilla carry into an impres…",cat1=0; cat2=2; quakers=0
QC0114,RB0114,84.92,"Intricately layered, deeply and sweetly pungent. Roasted cacao nib, lemon zest, lilac, candied ginger, frankincense in aroma and cup. Sweet-tart structure with bright, juicy acidity; full, syrupy mouthfeel. The complex finish sustains all of the fla…",cat1=0; cat2=2; quakers=0
QC0115,RB0115,84.92,"Richly sweet, spice-toned. Dried cherry, lemon zest, baker’s chocolate, cashew, a hint of cayenne in aroma and cup. Delicate, sweetly tart structure with bright acidity; crisp, velvety mouthfeel. The flavor-saturated finish centers on citrus notes a…",cat1=1; cat2=9; quakers=0
QC0116,RB0116,84.83,"Sweetly pungent, high-toned. Dried apple, orange blossom, toffee, cedar, dark chocolate in aroma and cup. Sweetly tart structure, with juicy acidity; buoyant, silky mouthfeel. The finish is deeply sweet and resonant, with notes of orange blossom and…",cat1=0; cat2=0; quakers=0
QC0117,RB0117,84.83,"Deeply rich, sweetly tart. Baker’s chocolate, grapefruit zest, molasses, tea rose, marjoram in aroma and cup. Balanced, sweet-savory in structure; plump, velvety mouthfeel. The finish is crisp and dry, but also richly sweet, with notes of chocolate…",cat1=0; cat2=1; quakers=0
QC0118,RB0118,84.83,"Juicy, crisp yet lush, original. Jasmine, baker’s chocolate, sandalwood, tangerine zest, dried mango in aroma and cup. Layered and lyric in structure: softly bright, crisply pungent. Light yet lively in mouthfeel. The finish consolidates around the…",cat1=3; cat2=15; quakers=0
QC0119,RB0119,84.83,"Deeply, refreshingly pungent and earthy. Grapefruit zest, dark chocolate, candied ginger, graham cracker, moist fresh-fallen leaves in aroma and cup. Structured around complexly layered tart, sweet and savory tastes; plush, syrupy mouthfeel. Sweet,…",cat1=0; cat2=2; quakers=0
QC0120,RB0120,84.83,"Balanced and bright with a savory, root-vegetable depth. Lemon verbena, ripe orange zest, roasted cacao nib, rhododendron, a hint of brothy cooked root vegetables in aroma and cup. Structure is quietly sweet/tart with a savory edge; the mouthfeel ro…",cat1=0; cat2=4; quakers=0
QC0121,RB0121,84.75,"Richly sweet, delicately savory. Lilac, chocolate fudge, pomegranate, frankincense, honey in aroma and cup. Balanced, sweetly savory structure with bright, juicy acidity; buoyant, syrupy mouthfeel. The flavor-saturated finish is resonant with notes…",cat1=0; cat2=0; quakers=0
QC0122,RB0122,84.75,"Crisp, delicate, yet intense and original. Lush, rose-like flowers, dark chocolate, cedar, almond, ripe pineapple in aroma and cup. Balanced and complete in structure, poised at a round, satisfying intersection of sweet, tart and bitter. Light but s…",cat1=0; cat2=0; quakers=0
QC0123,RB0123,84.75,"Bright, richly sweet. Lime blossom, raspberry jam, sandalwood, roasted cacao nib, maple syrup in aroma and cup. Sweetly tart in structure with juicy acidity; viscous, buoyant mouthfeel. The finish leads with citrus and berry notes in the short, segu…",cat1=0; cat2=4; quakers=0
QC0124,RB0124,84.75,"Richly sweet, fruit-toned. Raspberry jam, almond butter, rhododendron-like flowers, grappa, cocoa powder in aroma and cup. Sweet-tart structure with fruit-forward acidity; plush, syrupy mouthfeel. The finish consolidates around deep raspberry and co…",cat1=0; cat2=3; quakers=0
QC0125,RB0125,84.75,"Delicate, intricately sweet. Dried mango, roasted cacao nib, honeysuckle, freesia-like flowers, a hint of cumin in aroma and cup. Deeply rich, balanced structure; crisp, satiny mouthfeel. The finish is animated by lively mango and freesia notes in t…",cat1=0; cat2=2; quakers=0
QC0126,RB0126,84.67,"Richly sweet, spice-toned. Black currant, molasses, amber oil, allspice, wisteria-like flowers in aroma and cup. Deeply sweet structure; smooth, rounded acidity. The finish displays an unusual sweetly musky quality suggesting amber oil, complicated…",cat1=0; cat2=2; quakers=0
QC0127,RB0127,84.67,"High-toned, richly sweet-savory. Mango, honey, lemongrass, oak, narcissus in aroma and cup. Balanced, sweetly savory structure with lively acidity; crisp though velvety mouthfeel. The sweetly herb-toned finish is redolent of lemongrass, supported by…",cat1=0; cat2=7; quakers=0
QC0128,RB0128,84.67,"Intensely rich, sweetly savory. Dried raspberry, aged rum, paprika, pipe tobacco, wisteria-like flowers in aroma and cup. Sweet-savory in structure with gentle acidity; full, velvety mouthfeel. The flavor-saturated finish fulfills the promise of the…",cat1=0; cat2=0; quakers=0
QC0129,RB0129,84.67,"Richly sweet, spice-toned. Mango, clove, lime zest, dark chocolate, fragrant pipe tobacco in aroma and cup. Crisply sweet in structure with bright acidity; lightly creamy mouthfeel. The rich-toned finish leads with notes of lime zest and clove in th…",cat1=0; cat2=2; quakers=0
QC0130,RB0130,84.67,"Floral, richly earth-toned. Lilac, black cherry, nutella, moist pipe tobacco, tangerine zest in aroma and cup. Sweet-savory structure with bright acidity; velvety-smooth mouthfeel. The finish is richly fruit- and floral-toned, with amplified notes o…",cat1=0; cat2=1; quakers=0
QC0131,RB0131,84.67,"Intensely sweet-tart, deeply rich. Blackberry jam, toasted coconut, dark chocolate, fine musk, fresh-cut redwood in aroma and cup. Sweetly tart structure with juicy, bright acidity; delicate, satiny mouthfeel. The quiet finish centers on notes of bl…",cat1=0; cat2=0; quakers=0
QC0132,RB0132,84.67,"Lush, high-toned, richly sweet. Apricot, bergamot zest, nougat, sandalwood, honeysuckle in aroma and cup. Deeply sweet in structure, with juicy, bright acidity; plump, syrupy mouthfeel. The finish is seemingly eternal, resonant with all the flavor n…",cat1=0; cat2=3; quakers=0
QC0133,RB0133,84.67,"High-toned, deeply sweet. Black currant, honey, sandalwood, narcissus-like flowers, roasted cacao nib in aroma and cup. Sweet-tart in structure with juicy, bright acidity; full, syrupy-smooth mouthfeel. The resonant finish consolidates to notes of b…",cat1=0; cat2=1; quakers=0
QC0134,RB0134,84.67,"Intensely pungent, richly vibrant, deeply sweet, startlingly original. Complex spice (cinnamon, clove, nutmeg), herb (fresh cilantro, parsley), baker’s chocolate, lime zest, sweetly pungent spirits (Brazilian cachaça?) in aroma and cup. Deeply sweet…",cat1=0; cat2=4; quakers=0
QC0135,RB0135,84.67,"Evaluated as espresso. Layered, complex. Dark chocolate, mango, grapefruit zest, cedar, lily-like flowers in aroma and small cup. Lightly syrupy, lively mouthfeel. Mango, chocolate and a hint of flowers persist in a deeply resonant finish. Crisply l…",cat1=1; cat2=10; quakers=0
QC0136,RB0136,84.67,"Evaluated as espresso. Roundly and sweetly tart/pungent. Baker’s chocolate, almond, cedar, tangerine zest, wisteria-like flowers in aroma and small cup. Syrupy, full mouthfeel. Flavor consolidates in a rather dry though pleasingly chocolate- and ced…",cat1=0; cat2=0; quakers=0
QC0137,RB0137,84.67,"Crisp, richly sweet-savory. Maple syrup, gardenia-like flowers, fresh humus, pomegranate, baker’s chocolate in aroma and cup. Deeply sweet in structure, with savory undertones; delicate, silky mouthfeel. The finish is driven by gardenia-like florals…",cat1=0; cat2=0; quakers=0
QC0138,RB0138,84.67,"Crisp, sweetly tart. Concord grape, baker’s chocolate, cedar, musk, magnolia in aroma and cup. Balanced, sweet-tart in structure with juicy acidity; full, satiny mouthfeel. The resonant finish leads with fruit and floral tones, rounding to baker’s c…",cat1=0; cat2=0; quakers=0
QC0139,RB0139,84.67,"Fruit-forward, spice-toned. Raspberry jam, clove, rum cordial, fresh-cut fir, dried hibiscus in aroma and cup. Sweetly tart structure with brisk acidity; lightly creamy mouthfeel. Clove and raspberry drive the sweet-toned short finish, while notes o…",cat1=0; cat2=4; quakers=0
QC0140,RB0140,84.67,"Delicate, sweetly spice-toned. Peach blossom, hazelnut, pink peppercorn, lime zest, cedar in aroma and cup. Sweet-tart in structure with lively, balanced acidity; plush, syrupy mouthfeel. The finish consolidates to peach blossom and hazelnut in the…",cat1=0; cat2=4; quakers=0
QC0141,RB0141,84.67,"Crisp, sweetly savory. Butterscotch, mesquite, cocoa powder, cooked acorn squash, fine musk in aroma and cup. Sweet-savory in structure with brisk acidity; lightly syrupy mouthfeel. The finish is carried, both short and long, by notes of cocoa and r…",cat1=0; cat2=3; quakers=0
QC0142,RB0142,84.67,"Elegant, bright, very sweetly pungent. Starfruit, frankincense, lime zest, roasted cacao nib, narcissus in aroma and cup. Richly sweet in structure with balanced, vivacious acidity. Delicate, silky mouthfeel. The floral-toned finish starts and ends…",cat1=0; cat2=3; quakers=0
QC0143,RB0143,84.67,"Crisply sweet, balanced. Apricot, freesia-like flowers, baker’s chocolate, clove, almond in aroma and cup. Sweetly tart structure; full, velvety mouthfeel. The finish leads with notes of sweet stone fruit and spicy florals in the short, rounding to…",cat1=0; cat2=3; quakers=0
QC0144,RB0144,84.67,"High-toned, richly sweet-tart. Baker’s chocolate, hibiscus tea, floral vanilla, tangerine zest, brown sugar in aroma and cup. Sweetly bright in structure, with gentle acidity; plush, syrupy mouthfeel. The sweetly tart finish is gently drying, consol…",cat1=0; cat2=3; quakers=0
QC0145,RB0145,84.58,"Fruit-toned, chocolaty. Strawberry, dark chocolate, sandalwood, lavender, a hint of brandy in aroma and cup. Brisk, sweet-tart structure with juicy acidity; delicate, silky mouthfeel. Reminiscent of a chocolate cordial in the sweetly fermenty finish.",cat1=0; cat2=5; quakers=0
QC0146,RB0146,84.58,"Crisp, delicately sweet. Baker’s chocolate, violet-like flowers, papaya, macadamia nut, molasses in aroma and cup. Balanced, bittersweet structure; impressively buoyant, velvety mouthfeel. The resonant, flavor-saturated finish consolidates around no…",cat1=0; cat2=4; quakers=0
QC0147,RB0147,84.58,"Resonant, sweet-savory, original. Baker’s chocolate, fragrant fresh-cut cedar, green grape, almond, wisteria in aroma and cup. Roundly tart, sweetly savory in structure; plushly syrupy mouthfeel. Flavor, particularly green grape and flowers, carries…",cat1=0; cat2=5; quakers=1
QC0148,RB0148,84.58,"Deeply sweet, richly earth-toned. Dark chocolate, candy cap mushroom, gardenia, black cherry, grapefruit zest in aroma and cup. Balanced, sweet-savory-tart structure with vibrant acidity; full, syrupy mouthfeel. The crisp, flavor-saturated finish ce…",cat1=0; cat2=2; quakers=0
QC0149,RB0149,84.58,"Delicately rich, vibrantly sweet-savory. Wisteria, chocolate fudge, mango, candied lime zest, allspice in aroma and cup. Sweetly tart in structure; full, velvety mouthfeel. The long finish consolidates to notes of wisteria and allspice.",cat1=0; cat2=1; quakers=0
QC0150,RB0150,84.58,"Quietly and delicately crisp. Candied walnut, peach, honeysuckle, cedar, ripe banana in aroma and cup. Gently and sweetly brisk in structure; light, very silky in mouthfeel. Walnut, peach and cedar in particular carry into a sweet though drying fini…",cat1=0; cat2=0; quakers=0
QC0151,RB0151,84.58,"High-toned, deeply sweet. Honeysuckle, blackberry, cardamom, tangerine zest, sandalwood in aroma and cup. Sweet-tart structure with vibrant acidity; buoyant, satiny mouthfeel. The flavor-saturated finish leads with rich floral notes and crisply swee…",cat1=0; cat2=0; quakers=0
QC0152,RB0152,84.58,"Evaluated as espresso. Bright, richly sweet-tart. Raspberry jam, hazelnut butter, baker’s chocolate, lilac, a hint of bourbon barrel in aroma and small cup. Lightly creamy mouthfeel; cocoa-toned finish with notes of raspberry jam and hazelnut. Flora…",cat1=0; cat2=5; quakers=0
QC0153,RB0153,84.58,"Delicate, high-toned, richly sweet. Caramelized apple, honeysuckle, baker’s chocolate, tangerine zest, frankincense in aroma and cup. Balanced structure with bright, juicy acidity; buoyant, syrupy mouthfeel. The deeply sweet, flavor-laden finish lea…",cat1=0; cat2=0; quakers=0
QC0154,RB0154,84.58,"Sweetly spice-toned, deeply rich. Bergamot, almond, fresh parsley, gardenia, oak in aroma and cup. Crisply sweet, softly tart in structure; plush, full mouthfeel. The rich, resonant finish carries over all the notes from the cup, a nut-toned bergamo…",cat1=0; cat2=2; quakers=0
QC0155,RB0155,84.58,"Wildly, disconcertingly original. Sweetly tart, simultaneously fruit- and earth-toned, bright yet lush. Fresh clover, earth, fresh-pressed red grape juice, dark chocolate, white peppercorn in aroma and cup. Juicy sweet yet zesty and savory in struct…",cat1=0; cat2=2; quakers=0
QC0156,RB0156,84.58,"Crisply sweet, fruit-toned. Blackberry, baker’s chocolate, freesia, hazelnut, cedar in aroma and cup. Sweet-tart structure with bright acidity; velvety-textured, crisp mouthfeel. The cocoa-toned finish has a berry throughline, enveloped by spicy flo…",cat1=0; cat2=6; quakers=0
QC0157,RB0157,84.58,"Deeply rich, sweetly roast-toned. Dark chocolate, raisin, molasses, cedar, a hint of cinnamon in aroma and cup. Sweet in structure with gentle, rounded acidity. The finish is chocolate through and through, with raisin in the short and aromatic wood…",cat1=0; cat2=2; quakers=0
QC0158,RB0158,84.58,"Richly sweet-savory, roast-cradled. Toasted coconut, black currant, tamari-roasted almond, myrrh, lavender in aroma and cup. Sweetly savory in structure with balanced, juicy acidity; buoyant, syrupy mouthfeel. The richly drying finish consolidates t…",cat1=0; cat2=1; quakers=0
QC0159,RB0159,84.5,"Rich-toned, subtly complex. Pineapple, sandalwood, jasmine, honey, cocoa in aroma and cup. Deeply sweet in structure with juicy acidity; plush, syrupy mouthfeel. The resonant finish leads with cocoa-toned pineapple in the short, rounding to jasmine…",cat1=0; cat2=2; quakers=0
QC0160,RB0160,84.5,"Multi-layered, intricate. Raspberry, chocolate fudge, lavender, vanilla, rum cordial in aroma and cup. Sweetly tart in structure with fruit-toned acidity; lightly syrupy mouthfeel. The finish is crisp and richly drying, with notes of chocolate and l…",cat1=0; cat2=1; quakers=0
QC0161,RB0161,84.5,"Deeply sweet, richly savory. Lemongrass, graham cracker, sassafras, roasted cacao nib, jasmine in aroma and cup. Sweet-savory structure, with round acidity; satiny-smooth mouthfeel. The short finish is resonant with notes of lemongrass and jasmine,…",cat1=0; cat2=1; quakers=0
QC0162,RB0162,84.5,"Crisp, balanced, richly sweet. Maple syrup, apricot, hop flowers, nougat, roasted cacao nib in aroma and cup. Sweet-savory structure with lively acidity; full, satiny mouthfeel. Notes of maple syrup and apricot pleasantly dominate the finish, with e…",cat1=0; cat2=0; quakers=0
QC0163,RB0163,84.5,"Richly savory, deeply sweet. Ginger blossom, almond brittle, pear, fresh, moist forest notes, wildflower honey in aroma and cup. Structured balance among sweet, tart and savory tastes; crisp, velvety mouthfeel. The honey-toned finish leads with ging…",cat1=1; cat2=0; quakers=0
QC0164,RB0164,84.5,"Delicate, complex, chocolate-toned. Dried mulberry, dark chocolate, fine musk, pipe tobacco, pink peppercorn in aroma and cup. Sweetly savory structure with juicy acidity; plump, smooth mouthfeel. The finish, which consolidates to notes of dark choc…",cat1=0; cat2=2; quakers=0
QC0165,RB0165,84.5,"Evaluated as espresso. Richly sweet, chocolate-toned. Chocolate fudge, magnolia, almond brittle, tangerine zest, cedar in aroma and small cup. Crisp, satiny mouthfeel; wood-framed, floral-toned finish. In three parts milk, notes of chocolate fudge r…",cat1=0; cat2=2; quakers=0
QC0166,RB0166,84.5,"Evaluated as espresso. Rich, fruit-toned, balanced. Baker’s chocolate, pomegranate, gardenia, grapefruit zest, fresh-cut fir in aroma and small cup. Lean, smooth mouthfeel; gently drying, cocoa-toned finish, with hints of grapefruit zest. In cappucc…",cat1=0; cat2=0; quakers=0
QC0167,RB0167,84.5,"Sweet-toned, with attractive savory undercurrents. Tangerine zest, magnolia, tamari, black cherry, roasted cacao nib in aroma and cup. Sweetly savory structure with lightly juicy acidity; full, syrupy mouthfeel. The finish is characterized by cocoa-…",cat1=0; cat2=0; quakers=0
QC0168,RB0168,84.5,"Evaluated as espresso. Intensely pungent, richly sweet. Dark chocolate, black cherry, almond, myrrh, star jasmine in aroma and small cup. Buoyant, silky mouthfeel; long, lingering finish characterized by dark chocolate and stone fruit. In three part…",cat1=0; cat2=4; quakers=0
QC0169,RB0169,84.5,"Evaluated as espresso. Richly sweet, brightly tart. Dark chocolate, lily-like flowers, blood orange zest, peach, cedar in aroma and small cup. Punchy, syrupy mouthfeel; crisp, cocoa-toned finish with lasting notes of citrus zest. In three-parts milk…",cat1=0; cat2=2; quakers=0
QC0170,RB0170,84.5,"Sweetly roast-rounded, cocoa-toned. Baker's chocolate, black currant, rose hip, singed cedar, almond brittle in aroma and cup. Crisply sweet-tart structure; delicate, syrupy mouthfeel. The richly drying finish centers around tart floral notes and ba…",cat1=0; cat2=4; quakers=0
QC0171,RB0171,84.5,"Delicate, quietly sweet-toned. Roasted cacao nib, red grape, fresh-cut fir, lemon zest, gardenia-like flowers in aroma and cup. Gentle, rounded structure; crisp, satiny mouthfeel. The finish consolidates to notes of lemon zest and gardenia with a hi…",cat1=2; cat2=0; quakers=0
QC0172,RB0172,84.42,"Nuanced, multi-layered, richly sweet. Lavender, roasted cacao nib, salted caramel, sweet aromatic mushroom, a moist foresty hint in aroma and cup. Deeply sweet-savory in structure with bright, juicy acidity; plush, velvety mouthfeel. The finish is r…",cat1=0; cat2=3; quakers=0
QC0173,RB0173,84.42,"Deeply sweet, spice-toned. Vanilla, white peppercorn, date, moist pipe tobacco, almond in aroma and cup. Sweet-toned in structure with gentle acidity; crisp, satiny mouthfeel. The gently drying finish consolidates to notes of almond and white pepper…",cat1=0; cat2=3; quakers=0
QC0174,RB0174,84.42,"High-toned, crisply sweet. Maple syrup, orange zest, honeysuckle-like flowers, cedar, almond butter in aroma and cup. Sweetly and roundly tart structure; full, satiny mouthfeel. The richly drying finish is redolent of honeysuckle and orange zest in…",cat1=0; cat2=1; quakers=0
QC0175,RB0175,84.42,"Richly sweet-savory, spice-toned. Black currant, roasted cacao nib, freesia-like flowers, almond, molasses in aroma and cup. Sweet-savory in structure with crisply bright acidity; velvety mouthfeel. The quietly nuanced finish centers around black cu…",cat1=0; cat2=3; quakers=0
QC0176,RB0176,84.42,"Briskly sweet-tart, fruit-forward. Dark chocolate, maraschino cherry, pipe tobacco, caramel, almond in aroma and cup. Bittersweet instructure with gentle, rounded acidity; full, syrupy mouthfeel. The drying, cocoa-toned finish leads with dark chocol…",cat1=0; cat2=0; quakers=0
QC0177,RB0177,84.42,"Richly sweet, spice-toned. Ripe banana, roasted cacao nib, elm, freesia-like flowers, roasted cashew in aroma and cup. Roundly sweet-tart structure; lightly velvety mouthfeel. The crisp, richly drying finish consolidates around notes of cashew, caca…",cat1=0; cat2=1; quakers=0
QC0178,RB0178,84.42,"Delicate, chocolate-toned. Dark chocolate, hazelnut, raisin, hints of lily and oak in aroma and cup. Balanced, sweet-toned structure; satiny-smooth mouthfeel. The long finish is quietly flavor-saturated.",cat1=2; cat2=4; quakers=0
QC0179,RB0179,84.42,"Delicate, sweet-toned, softly bright and balanced. Caramel, vanilla bean, cedar, almond, candied lemon zest in aroma and cup. Gently brisk in structure, light in mouthfeel. Sweet citrus framed by aromatic cedar carry into a short but pleasing finish.",cat1=0; cat2=2; quakers=0
QC0180,RB0180,84.33,"Deeply and sweetly pungent, juicy. Black currant, orange zest, cocoa, lavender, oak in aroma and cup. Sweetly and gently tart in structure, gently savory-edged. Light but silky, lively mouthfeel. Quietly rich finish: orange zest and lavender.",cat1=0; cat2=4; quakers=0
QC0181,RB0181,84.33,"Round, balanced, with a quiet but deeply layered complexity. Blackberry, cocoa, pear, lavender, roasted macadamia in aroma and cup. Sweetly and roundly bright in structure; plush and lightly syrupy in mouthfeel. A richly resonant finish consolidates…",cat1=0; cat2=3; quakers=0
QC0182,RB0182,84.33,"Delicate, sweetly bright and gently lemony. Ripe lemon zest, fresh-cut cedar, carnation, roasted cashew, cocoa in aroma and cup. Roundly and lightly sweet-tart in structure; satiny in mouthfeel. Quietly resonant in the finish: flowers and cedar.",cat1=0; cat2=5; quakers=3
QC0183,RB0183,84.33,"Crisply sweet, delicate yet opulent. Cocoa powder, lilac-like flowers, roasted cashew, blueberry, sandalwood in aroma and cup. Sweetly and gently tart in structure; vibrant. In mouthfeel soft, lightly plush. Lilac and cocoa in particular carry into…",cat1=0; cat2=2; quakers=1
QC0184,RB0184,84.33,"Evaluated as espresso. Intricate, layered, richly sweet. Narcissus, dark chocolate, singed cedar, black truffle, ripe papaya in aroma and small cup. Lively, syrupy body. Floral, sweet-savory finish, with notes of dark chocolate throughout, supported…",cat1=0; cat2=4; quakers=2
QC0185,RB0185,84.33,"Delicately sweet, richly savory. Red currant, butterscotch, fresh-cut cedar, tamarind, lantana-like floral notes in aroma and cup. Bright, sweet-tart structure with lively acidity; syrupy-smooth mouthfeel. The short finish is flavor-saturated, conso…",cat1=6; cat2=0; quakers=0
QC0186,RB0186,84.33,"Rich-toned, fruit-forward. Strawberry, baker’s chocolate, honeysuckle-like flowers, almond, frankincense in aroma and cup. Bittersweet structure with brisk acidity; plush, syrupy mouthfeel. The short finish is centered around berry and floral notes,…",cat1=0; cat2=0; quakers=0
QC0187,RB0187,84.33,"Sweetly earth-toned, spice-forward. Aromatic orchid, moist fresh-fallen leaves, cashew, cinnamon. Bing cherry in aroma and cup. Sweet-tart-structure with crisp acidity; plush, full mouthfeel. The finish is resonant and richly drying, with leading no…",cat1=0; cat2=1; quakers=0
QC0188,RB0188,84.33,"Evaluated as espresso. Floral-toned, deeply sweet. Lilac, toffee, black cherry, cedar, orange zest in aroma and small cup. Crisp, satiny mouthfeel; gently drying finish carried by notes of toffee and lilac in the short, orange zest and cedar in the…",cat1=0; cat2=4; quakers=0
QC0189,RB0189,84.33,"Deeply rich, sweet-savory. Rhododendron, mango, almond brittle, thyme, oak in aroma and cup. Sweet-toned, savory structure; full, satiny mouthfeel. The gently drying finish consolidates to notes of oak and almond, with a hint of sweet herb suggestin…",cat1=0; cat2=2; quakers=0
QC0190,RB0190,84.33,"High-toned, spice-forward, richly sweet. Nougat, lavender, dried apricot, cedar, a hint of cumin in aroma and cup. Balanced, sweetly tart structure with vibrant, juicy acidity; crisp, satiny mouthfeel. The finish is sweet though rather short, with g…",cat1=0; cat2=1; quakers=0
QC0191,RB0191,84.33,"Crisply sweet-toned. Caramel, fig, oak, narcissus-like flowers, almond in aroma and cup. Balanced, sweet structure with brisk acidity; full, syrupy mouthfeel. The short finish resonates with sweet floral and rich fruit notes, while the long consolid…",cat1=1; cat2=1; quakers=0
QC0192,RB0192,84.25,"Brightly sweet with a savory depth. Lemon verbena, roasted cacao nib, rhododendron, date, cedar in aroma and cup. Quietly sweet-tart structure; delicate, silky mouthfeel. The finish is richly drying, consolidating around cacao nib and lemon verbena.",cat1=0; cat2=0; quakers=0
QC0193,RB0193,84.25,"Balanced, sweetly savory. Lime zest, toffee, fresh-cut fir, cashew, lilac-like flowers in aroma and cup. Quietly sweet-tart structure; full, velvety mouthfeel. Lime zest and toffee carry the finish.",cat1=0; cat2=0; quakers=0
QC0194,RB0194,84.25,"Crisply sweet, spice-toned. Brown sugar, baked apple, lemon zest, cayenne, fresh-cut pine in aroma and cup. Bittersweet structure; delicate, satiny mouthfeel. The richly drying finish is characterized by notes of baked apple in the short and bitters…",cat1=0; cat2=2; quakers=0
QC0195,RB0195,84.25,"Richly sweet, crisply tart. Butterscotch, lemon zest, peach, honey, fresh-cut cedar in aroma and cup. Balanced, delicately sweet-tart structure with vibrant acidity; crisp, satiny mouthfeel. The flavor-saturated finish consolidates to notes of butte…",cat1=0; cat2=4; quakers=4
QC0196,RB0196,84.25,"Fruit-toned, vibrantly sweet. Dark chocolate, raspberry, agave syrup, oak wine barrel, freesia-like flowers in aroma and cup. Richly sweet-toned in structure, with lively acidity. Crisp, velvety mouthfeel. The resonant finish consolidates to notes o…",cat1=0; cat2=1; quakers=0
QC0197,RB0197,84.25,"Richly sweet, spice-toned. Baker’s chocolate, cinnamon, banana, cashew, citrusy lantana flowers in aroma and cup. Bittersweet in structure, with juicy acidity; velvety-smooth mouthfeel. Notes of baker’s chocolate and banana are sweetly resonant in t…",cat1=0; cat2=1; quakers=0
QC0198,RB0198,84.25,"Rich-toned, balanced, deeply sweet. Apricot, dark chocolate, hazelnut, citrusy lantana flowers, cinnamon in aroma and cup. Crisply sweet in structure with lively acidity; lightly syrupy mouthfeel. Notes of sweet-tart stone fruit carry into the long…",cat1=0; cat2=3; quakers=0
QC0199,RB0199,84.25,"Crisp, bright, richly sweet-savory. Wild honey, black cherry, lemon verbena, hazelnut, rhododendron-like flowers in aroma and cup. Balanced, vivid structure with sweetly tart, juicy acidity; buoyant, silky mouthfeel. Resonant and rich in the finish,…",cat1=4; cat2=2; quakers=0
QC0200,RB0200,84.25,"Sweetly roast-rounded, richly savory. Dark caramel, pipe tobacco, date, almond, hops in aroma and cup. Sweet-savory in structure with rounded acidity; plump, syrupy mouthfeel. The finish leads with notes of date and pipe tobacco in the short, with a…",cat1=0; cat2=0; quakers=0
