batchID,profileID,roastDate,quantityProducedKg,remainingKg,notes
RB0001,RP118,2025-11-19,221.1,221.1,"An espresso blend comprised of coffees from Panama and Ethiopia. A.R.C., whose motto is “more than specialty,” rigorously controls three vital elements: sourcing of green coffee, roasting, and, in ca…"
RB0002,RP067,2025-07-11,134.9,134.9,"An espresso blend comprised of coffees from Africa and the Asia-Pacific. A.R.C., whose motto is “more than specialty,” rigorously controls three vital elements: sourcing of green coffee, roasting, an…"
RB0003,RP194,2025-08-03,45.8,45.8,This coffee tied for the third-highest rating in a tasting of 71 organic-certified coffees from Africa for Coffee Review’s November 2017 tasting report. Southern Ethiopia coffees like this one are pr…
RB0004,RP188,2024-01-07,62.2,62.2,This coffee tied for the third-highest rating in a tasting of 71 organic-certified coffees from Africa for Coffee Review’s November 2017 tasting report. Southern Ethiopia coffees like this one are pr…
RB0005,RP021,2025-01-06,77.1,77.1,"Southern Ethiopia coffees like this one are produced from distinctive traditional Ethiopian varieties of Arabica long grown in the region. Like virtually all southern Ethiopia coffees, this coffee is…"
RB0006,RP188,2025-10-15,53.6,53.6,This coffee tied for the second-highest rating in a tasting of 71 organic-certified coffees from Africa for Coffee Review’s November 2017 tasting report. Southern Ethiopia coffees like this one are p…
RB0007,RP044,2024-03-23,193.3,193.3,This coffee tied for the second-highest rating in a tasting of 71 organic-certified coffees from Africa for Coffee Review’s November 2017 tasting report. Southern Ethiopia coffees like this one are p…
RB0008,RP079,2025-03-20,174.7,174.7,This coffee tied for the second-highest rating in a tasting of 71 organic-certified coffees from Africa for Coffee Review’s November 2017 tasting report. Southern Ethiopia produces distinctive coffee…
RB0009,RP005,2025-03-14,198.6,198.6,This coffee tied for the second-highest rating in a tasting of 71 organic-certified coffees from Africa for Coffee Review’s November 2017 tasting report. Produced by the METAD farm and mill in southe…
RB0010,RP194,2025-12-30,248.3,248.3,This exceptional coffee was selected as the No. 17 coffee on Coffee Review’s list of the Top 30 Coffees of 2017. This coffee also tied for the highest rating in a tasting of 71 organic-certified coff…
RB0011,RP054,2025-11-14,217.9,217.9,"Produced by the Thiriku Coffee Growers Cooperative Society from trees of the SL-28, SL-34 and Ruiru varieties of Arabica. Processed by a particularly meticulous Kenya variation on the traditional wet…"
RB0012,RP183,2024-04-10,24.0,24.0,"Southern Ethiopia coffees like this one are produced from distinctive traditional Ethiopian varieties of Arabica long grown in the region. Like virtually all southern Ethiopia coffees, this coffee is…"
RB0013,RP077,2024-07-20,152.6,152.6,"Coffees in this blend are all fully wet-processed or “washed” and certified organically grown in both Canada and the U.S. Since 1997, Level Ground Trading has been an importer and roaster based in Vi…"
RB0014,RP134,2025-04-03,20.8,20.8,"Southern Ethiopia coffees like this one are produced from distinctive traditional Ethiopian varieties of Arabica long grown in the region. This is a dry-processed or “natural” version, meaning the be…"
RB0015,RP131,2025-03-31,113.2,113.2,"Produced in Yirgacheffe, a coffee region in southern Ethiopia that produces particularly distinctive coffees from traditional varieties of Arabica long grown in the region. Yirgacheffe coffees like t…"
RB0016,RP096,2025-05-12,157.0,157.0,"Yirgacheffe is a coffee region in southern Ethiopia that produces distinctive coffees from traditional varieties of Arabica long grown in the region. This is a “natural” or dry-processed version, mea…"
RB0017,RP161,2024-11-10,247.3,247.3,"An espresso blend comprised of coffees from Ethiopia, Kenya and the Yunnan Province of China. A.R.C., whose motto is “more than specialty,” rigorously controls three vital elements: sourcing of green…"
RB0018,RP016,2025-12-12,204.5,204.5,"Produced from trees of the Caturra and Castillo varieties of Arabica and decaffeinated at origin using ethyl acetate, a natural solvent derived from sugar cane. Bootstrap is the definition of a quali…"
RB0019,RP054,2024-06-02,136.3,136.3,"Southern Ethiopia coffees like this one are produced from distinctive traditional Ethiopian varieties of Arabica long grown in the region. Like virtually all southern Ethiopia coffees, this coffee is…"
RB0020,RP014,2024-08-16,77.9,77.9,"This exceptional coffee was selected as the No. 2 coffee on Coffee Review’s list of the Top 30 Coffees of 2017. Hula Daddy is a boutique coffee producer with farms at the 1,400 and 2,500 foot levels…"
RB0021,RP135,2024-05-03,157.7,157.7,"Produced from trees of the admired SL-28 and SL-34. Despite grower discontent and urban encroachment on prime coffee lands, Kenya continues to produce some of the world’s most elegant and distinctive…"
RB0022,RP188,2024-01-12,77.4,77.4,"Despite grower discontent and urban encroachment on prime coffee lands, Kenya continues to produce some of the world’s most elegant and distinctive coffees. This coffee is the result of a partnership…"
RB0023,RP016,2025-09-08,143.1,143.1,"Southern Ethiopia coffees like this one are produced from distinctive traditional Ethiopian varieties of Arabica long grown in the region. Like virtually all southern Ethiopia coffees, this coffee is…"
RB0024,RP118,2025-09-02,118.4,118.4,"A blend of coffees from Mexico, Ethiopia and Brazil. Propeller is a Toronto-based micro-roaster with a dedication to careful selection and exceptional craft roasting of high-end coffees. Visit www.pr…"
RB0025,RP139,2024-03-07,134.2,134.2,A blend of coffees from Mexico and Ethiopia. Propeller is a Toronto-based micro-roaster with a dedication to careful selection and exceptional craft roasting of high-end coffees. Visit www.propellerc…
RB0026,RP052,2025-10-07,217.8,217.8,"Produced by farmers of the Mutungati Cooperative from trees of the SL28, SL34, and Ruiru 11 varieties of Arabica. Despite grower discontent and urban encroachment on prime coffee lands, Kenya continu…"
RB0027,RP111,2024-11-13,129.3,129.3,"Produced by Juan Luis Barrios Ortega from trees of the Bourbon-derived Pache variety of Arabica. Processed by the dry or “natural” method, meaning the beans were dried inside the fruit rather than af…"
RB0028,RP172,2025-12-03,121.4,121.4,"Produced from trees of the SL28, SL34 and Ruiru 11 varieties of Arabica and processed by the wet or “washed” method, in which skin and fruit flesh are removed from the beans or seeds before they are…"
RB0029,RP091,2025-06-09,30.4,30.4,"Processed by the wet or “washed” method, in which skin and fruit flesh are removed from the beans or seeds before they are dried. Espresso Republic, founded in 2010, specializes in sourcing quality c…"
RB0030,RP199,2024-09-20,149.9,149.9,"Produced by the smallholders of the New Ngariama Farmers Cooperative Society from trees of the SL-28, SL-34 and Ruiru 11 varieties of Arabica. Processed at Kamwangi Washing Station by the particularl…"
RB0031,RP102,2024-05-18,66.3,66.3,"Southern Ethiopia coffees like this one are produced from distinctive traditional Ethiopian varieties of Arabica long grown in the region. Like virtually all southern Ethiopia coffees, this coffee is…"
RB0032,RP076,2025-03-02,115.3,115.3,This coffee tied for the second-highest rating in a tasting of 71 organic-certified coffees from Africa for Coffee Review’s November 2017 tasting report. Produced by the METAD farm and mill in southe…
RB0033,RP149,2024-04-21,167.6,167.6,This coffee tied for the second-highest rating in a tasting of 71 organic-certified coffees from Africa for Coffee Review’s November 2017 tasting report. Southern Ethiopia coffees like this one are p…
RB0034,RP041,2025-07-08,56.0,56.0,This coffee tied for the third-highest rating in a tasting of 71 organic-certified coffees from Africa for Coffee Review’s November 2017 tasting report. Yirgacheffe is a coffee region in southern Eth…
RB0035,RP110,2025-10-25,47.8,47.8,"Decaffeinated at the Descamex plant in Mexico by the “Mountain Water Process” which does not involve use of solvents. Espresso Republic, founded in 2010, specializes in sourcing quality coffees and r…"
RB0036,RP149,2024-06-24,27.6,27.6,This coffee tied for the fourth-highest rating in a tasting of holiday coffees for Coffee Review‘s December 2017 tasting report. Yirgacheffe is a coffee region in southern Ethiopia that produces dist…
RB0037,RP113,2025-06-08,51.8,51.8,"This coffee tied for the fourth-highest rating in a tasting of holiday coffees for Coffee Review‘s December 2017 tasting report. A blend of coffees from Ethiopia, Kenya and Colombia. Established in 2…"
RB0038,RP082,2025-10-17,177.4,177.4,This coffee tied for the fourth-highest rating in a tasting of holiday coffees for Coffee Review‘s December 2017 tasting report. Produced entirely from trees of the Bourbon variety of Arabica by smal…
RB0039,RP137,2025-05-27,199.3,199.3,This coffee tied for the fourth-highest rating in a tasting of holiday coffees for Coffee Review‘s December 2017 tasting report. A blend of two Ethiopia coffees (a wet-processed Banko Gotiti and a na…
RB0040,RP172,2025-11-01,237.2,237.2,"This coffee tied for the second-highest rating in a tasting of holiday coffees for Coffee Review‘s December 2017 tasting report. Produced by Thaitu Coffee Estate from trees of the SL28, SL34 and Ruir…"
RB0041,RP031,2024-10-22,84.9,84.9,"This coffee tied for the third-highest rating in a tasting of holiday coffees for Coffee Review‘s December 2017 tasting report. A blend of Kenya coffees from two different cooperatives, Kamwangi and…"
RB0042,RP010,2024-12-03,91.2,91.2,"This coffee tied for the fourth-highest rating in a tasting of holiday coffees for Coffee Review‘s December 2017 tasting report. Comprised entirely of the much admired, bold-bean Pacamara variety of…"
RB0043,RP114,2025-03-11,215.6,215.6,This coffee tied for the fourth-highest rating in a tasting of holiday coffees for Coffee Review‘s December 2017 tasting report. Produced by Ricardo and Gonzalo Hernandez entirely of beans from the r…
RB0044,RP166,2025-02-02,193.7,193.7,This coffee tied for the third-highest rating in a tasting of holiday coffees for Coffee Review‘s December 2017 tasting report. Southern Ethiopia coffees like this one are produced from distinctive t…
RB0045,RP185,2025-12-05,224.1,224.1,"This exceptional coffee was selected as the No. 8 coffee on Coffee Review’s list of the Top 30 Coffees of 2017, and it earned the highest rating in a tasting of holiday coffees for Coffee Review‘s De…"
RB0046,RP194,2024-01-09,217.3,217.3,"This exceptional coffee was selected as the No. 16 coffee on Coffee Review’s list of the Top 30 Coffees of 2017, and it tied for the second-highest rating in a tasting of holiday coffees for Coffee R…"
RB0047,RP189,2024-08-11,75.3,75.3,This coffee tied for the third-highest rating in a tasting of holiday coffees for Coffee Review‘s December 2017 tasting report. Produced entirely from trees of the respected Catuai variety of Arabica…
RB0048,RP166,2024-01-27,171.5,171.5,"Despite grower discontent and urban encroachment on prime coffee lands, Kenya continues to produce some of the world’s most elegant and distinctive coffees. JBC Coffee Roasters’ vision is simple: “le…"
RB0049,RP163,2024-11-16,46.6,46.6,This exceptional coffee was selected as the No. 7 coffee on Coffee Review’s list of the Top 30 Coffees of 2017. Produced by Heakyung Kang Burneskis of Finca Don Julian in full rustic shade and proces…
RB0050,RP030,2025-12-05,149.2,149.2,"This exceptional coffee was selected as the No. 10 coffee on Coffee Review’s list of the Top 30 Coffees of 2017. Bourbon Pointu, botanical name var. Laurina, is a rare variety of Arabica that is a na…"
RB0051,RP054,2024-01-09,210.2,210.2,Produced on the single-family Muchoki Estate from trees of the admired Bourbon-derived SL-28 variety of Arabica together with the Ruiru 11 variety. AB is the second-highest grade of Kenya coffee base…
RB0052,RP156,2024-11-02,30.9,30.9,"Paradise Roasters specializes in micro-lot Arabica and Robusta coffees from Asia and other emerging origins. The company prides itself on quality and freshness, craft-roasting coffees in small batche…"
RB0053,RP108,2024-11-26,52.8,52.8,"This exceptional coffee was selected as the No. 22 coffee on Coffee Review’s list of the Top 30 Coffees of 2017. With its generally elongated beans and distinctive floral and crisp, often chocolaty c…"
RB0054,RP113,2024-04-10,79.5,79.5,Ka’u is an emerging Hawaii coffee-growing district centered approximately 30 miles southeast of the famous Kona region. This Ka’u is produced by the Palehua Ohana Cooperative of small-holding Ka’u fa…
RB0055,RP138,2025-03-10,201.1,201.1,"Yirgacheffe is a coffee region in southern Ethiopia that produces distinctive coffees from traditional varieties of Arabica long grown in the region. This is a “natural” or dry-processed version, mea…"
RB0056,RP049,2025-07-23,133.2,133.2,"Produced by growers associated with the Karinga wet mill or washing station. Despite grower discontent, contested government coffee policy and urban encroachment on prime coffee lands, the famed Keny…"
RB0057,RP134,2025-09-01,58.9,58.9,Doi Pangkhon is an emerging growing district in the Golden Triangle region of northern Thailand. This Arabica coffee from classic cultivars was processed by a particularly meticulous version of the w…
RB0058,RP124,2024-11-30,88.6,88.6,Coffees from the northern part of the Indonesian island of Sumatra are admired for their complex earth and fruit notes that appear to result largely from unorthodox fruit removal and drying practices…
RB0059,RP100,2025-12-02,236.4,236.4,"Produced by the Resguardo Indigena Nasa We’sx indigenous community in Gaitania, Colombia, associated with the Paez and Nasa tribes of southern Cauca. From trees of the Castillo, Caturra, Colombia and…"
RB0060,RP017,2025-08-30,81.3,81.3,Coffee from trees of the botanical variety Gesha (also Geisha) grown on Price Peterson’s Hacienda La Esmeralda in Panama first introduced this extraordinary variety of Arabica to the world. With its…
RB0061,RP107,2024-09-25,224.2,224.2,"Produced from trees of the rare Ethiopia-derived botanical variety Gesha (also Geisha) by farmer Roberto Brenes of Auromar Estate. With its generally elongated beans and distinctive floral and crisp,…"
RB0062,RP153,2025-07-14,183.6,183.6,"Haraz (also Haraaz, other spellings) is a celebrated coffee growing region in north-central Yemen, west of the capital of Sana’a. Although Ethiopia is the botanical home of Coffea Arabica, Yemen intr…"
RB0063,RP129,2025-01-15,181.2,181.2,"Certified organic. Produced entirely from trees of the Kona Typica variety of Arabica. This is a “natural” or dry-processed coffee, meaning the beans were dried inside the fruit, encouraging a flavor…"
RB0064,RP045,2025-08-13,35.8,35.8,"Produced by the Ortega family entirely from trees of the heirloom Bourbon variety of Arabica. This is a wet-processed or “washed” coffee, meaning the fruit skin and pulp were removed from the beans i…"
RB0065,RP156,2024-03-15,204.3,204.3,"Produced by Markus Fisher at Finca La Bastilla entirely from trees of the respected Red Catuai variety of Arabica. Processed by the wet or “washed” method, in which skin and fruit flesh are removed f…"
RB0066,RP143,2024-03-27,162.8,162.8,"Produced by smallholding farmers from trees of the Ruiru 11, Batian, SL28 and SL34 varieties of Arabica. Despite grower discontent and urban encroachment on prime coffee lands, Kenya continues to pro…"
RB0067,RP008,2024-04-02,95.2,95.2,"Honduras, until recently a largely overlooked Central American coffee origin, has been producing increasing volumes of fine coffee over the past decade. Produced entirely from trees of the Catuai var…"
RB0068,RP104,2025-02-21,213.8,213.8,"Produced by smallholding farmers from trees of the Ruiru 11, Batian, SL28 and SL34 varieties of Arabica. Despite grower discontent and urban encroachment on prime coffee lands, Kenya continues to pro…"
RB0069,RP194,2024-06-04,206.2,206.2,"Honduras, until recently a largely overlooked Central American coffee origin, has been producing increasing volumes of fine coffee over the past decade. Produced entirely from trees of the Paraneima…"
RB0070,RP020,2025-07-05,221.1,221.1,"Despite grower discontent and urban encroachment on prime coffee lands, Kenya continues to produce some of the world’s most elegant and distinctive coffees. AA is the highest grade of Kenya coffee ba…"
RB0071,RP007,2025-12-26,151.2,151.2,"Coffees from the Yirgacheffe region are produced from distinctive traditional Ethiopian varieties of Arabica long grown in the region. Like virtually all southern Ethiopia coffees, this coffee is pro…"
RB0072,RP190,2025-05-02,186.1,186.1,Produced from trees of the heirloom Bourbon variety of Arabica. Epiphanie Mukashyaka established the now famous Bufcafe washing station or wet mill following the Rwandan genocide and the loss of most…
RB0073,RP110,2024-11-01,94.1,94.1,Produced from trees of local strains of the heirloom Bourbon variety of Arabica. Epiphanie Mukashyaka established the now famous Bufcafe washing station or wet mill following the Rwandan genocide and…
RB0074,RP005,2024-09-16,160.5,160.5,"Southern Ethiopia coffees like this one are produced from traditional Ethiopian varieties of Arabica long grown in the region. This is a wet-processed or “washed” coffee, meaning the fruit skin and p…"
RB0075,RP168,2025-01-18,196.5,196.5,"The cup profile of this coffee owes its originality to a complex, overlapping set of influences. First, tree variety: It was produced from heirloom varieties grown only in southern Ethiopia. Second,…"
RB0076,RP197,2025-07-22,80.7,80.7,"The cup profile of this coffee owes its originality to a complex, overlapping set of influences. First, tree variety: It was produced from heirloom varieties grown only in southern Ethiopia. Second,…"
RB0077,RP022,2025-06-24,33.0,33.0,Ka’u is an emerging Hawaii coffee-growing district centered approximately 30 miles southeast of the famous Kona region. This Ka’u is produced by the Palehua Ohana Cooperative of small-holding Ka’u fa…
RB0078,RP151,2024-02-12,171.2,171.2,"Southern Ethiopia coffees like this one are produced from distinctive traditional Ethiopian varieties of Arabica long grown in the region. Like virtually all southern Ethiopia coffees, this coffee is…"
RB0079,RP079,2024-03-01,200.6,200.6,"Produced by David Gomez of of El Balso Farm entirely from trees of the Caturra variety of Arabica. Like almost all Colombia coffees, this coffee is wet-processed or “washed,” meaning the fruit skin a…"
RB0080,RP131,2024-09-01,101.6,101.6,"Regrettably, this fine coffee sold out before the publication of our review. Produced from trees of the rare Ethiopia-derived botanical variety Gesha (also Geisha) by farmer Roberto Brenes of Auromar…"
RB0081,RP156,2024-11-09,178.6,178.6,Coffees from the northern part of the Indonesian island of Sumatra are valued for their complex aromatic wood and fruit notes that appear to result largely from unorthodox fruit removal and drying pr…
RB0082,RP082,2024-07-06,135.1,135.1,"Produced from trees of the rare Ethiopia-derived botanical variety Gesha (also Geisha) by the Hartmann family. With its generally elongated beans and distinctive floral and crisp, often chocolaty cup…"
RB0083,RP043,2025-04-02,62.6,62.6,Yirgacheffe is a coffee region in southern Ethiopia that produces distinctive coffees from traditional varieties of Arabica long grown in the region. Processed by the wet or washed method (fruit skin…
RB0084,RP004,2024-06-07,148.3,148.3,"Produced by the father-son team of Alberto and Diego Guardia from trees of the Venecia variety, a mutant selection of the sturdy, compact-growing Caturra that withstands heavy rains, among other agro…"
RB0085,RP071,2024-05-21,104.5,104.5,This exceptional coffee was selected as the No. 18 coffee on Coffee Review’s list of the Top 30 Coffees of 2018. Southern Ethiopia coffees like this one are produced from traditional Ethiopian variet…
RB0086,RP099,2024-07-26,75.0,75.0,"Magnolia Coffee is a Charlotte, North Carolina-based specialty roaster whose motto is “Craft Roasted. Truly Delicious. Socially Conscious.” Magnolia Coffee focuses on direct-trade coffees that make a…"
RB0087,RP124,2024-06-13,210.1,210.1,"Founded in August 2016, Charlotte Coffee Company donates 10 percent of proceeds from all retail sales to local non-profits dedicated to ending homelessness and hunger. Visit www.charlottecoffeeco.com…"
RB0088,RP033,2024-04-28,152.9,152.9,"Yirgacheffe is a coffee region in southern Ethiopia that produces distinctive coffees from traditional varieties of Arabica long grown in the region. This is a “natural” or dry-processed version, mea…"
RB0089,RP073,2025-02-02,86.4,86.4,"Produced by approximately 980 members of the Baragwi Farmers Cooperative Society from the SL28, SL34, Ruiru 11 and Batian varieties of Arabica. Despite grower discontent, contested government coffee…"
RB0090,RP200,2024-02-27,116.1,116.1,"Produced by Omar Arango in the Tolima Department of Colombia from trees of the respected Caturra and Catuai varieties of Arabica. This is a wet-processed or “washed” coffee, meaning the fruit skin an…"
RB0091,RP109,2025-09-03,176.3,176.3,Produced by about 150 small-holding farmers of the remote Biftu Gundina Cooperative. Ethiopia coffees like this one are produced from distinctive traditional Ethiopian varieties of Arabica long grown…
RB0092,RP190,2024-08-04,227.7,227.7,"Southern Ethiopia coffees like this one are produced from distinctive traditional Ethiopian varieties of Arabica long grown in the region. Like virtually all southern Ethiopia coffees, this coffee is…"
RB0093,RP156,2024-07-11,34.6,34.6,"Southern Ethiopia coffees like this one are produced from distinctive traditional Ethiopian varieties of Arabica long grown in the region. Like virtually all southern Ethiopia coffees, this coffee is…"
RB0094,RP038,2024-10-14,80.7,80.7,This exceptional coffee was selected as the No. 30 coffee on Coffee Review’s list of the Top 30 Coffees of 2018. Produced by Gilmer Córdova at Agua Colorado farm from trees of the Red and Yellow Catu…
RB0095,RP153,2025-09-11,90.5,90.5,"A blend of coffees from El Salvador and Indonesia. This coffee tied for the third-highest rating in a cupping of blends for Coffee Review‘s February 2018 tasting report. Based in the San Diego area,…"
RB0096,RP050,2025-03-09,241.9,241.9,A blend of two coffees: a Colombia Cauca and Kenya Karamundi. This coffee tied for the third-highest rating in a cupping of blends for Coffee Review‘s February 2018 tasting report. Revel Coffee is a…
RB0097,RP170,2025-10-07,229.2,229.2,Certified USDA organic. A blend of two coffees from Costa Rica and Ethiopia. This coffee tied for the third-highest rating in a cupping of blends for Coffee Review‘s February 2018 tasting report. Roa…
RB0098,RP139,2025-09-17,35.5,35.5,"A blend of three coffees: a Central America, a South America and an Indonesia. This coffee earned the top rating in a cupping of blends for Coffee Review‘s February 2018 tasting report. Water Avenue…"
RB0099,RP132,2025-05-11,176.3,176.3,A blend of four coffees: a wet-processed Guatemala; a wet-processed El Salvador; and both a wet-processed- and natural-processed Ethiopia. This coffee tied for the second-highest rating in a cupping…
RB0100,RP195,2024-10-02,66.7,66.7,A blend of coffees from Kenya and Ethiopia. This coffee tied for the second-highest rating in a cupping of blends for Coffee Review‘s February 2018 tasting report. Founded by Paul Massard and Chris N…
RB0101,RP188,2024-06-17,155.8,155.8,"A blend comprised of four coffees: two Ethiopias, one washed- and one natural-processed; a Kenya; and a honey-processed El Salvador. This coffee tied for the second-highest rating in a cupping of ble…"
RB0102,RP138,2025-06-11,246.7,246.7,A blend of four coffees: Panama Finca Deborah Caturra Natural; Panama Finca Hartmann Natural Geisha; Panama Finca Lerida Natural Geisha; and Ethiopia Sidamo Mulish Natural. This coffee tied for the s…
RB0103,RP059,2025-01-16,47.5,47.5,"Produced by Juan Luis Barrios Ortega mainly from trees of the heirloom Bourbon and Typica varieties. Processed by the dry or “natural” method, meaning the beans were dried inside the fruit rather tha…"
RB0104,RP009,2025-03-20,223.9,223.9,"Organic and fair trade certified. Produced by members of the the ASCI’SP cooperative from mixed varieties of Arabica, and processed by the conventional wet or “washed” method, in which skin and fruit…"
RB0105,RP085,2024-03-06,68.1,68.1,Produced from locally naturalized cultivars of the heirloom Bourbon variety of Arabica and processed at the now famous Bufcafe mills. Epiphanie Mukashyaka established the first Bufcafe washing statio…
RB0106,RP011,2024-10-04,216.0,216.0,This exceptional coffee was selected as the No. 13 coffee on Coffee Review’s list of the Top 30 Coffees of 2018. This coffee is available exclusively as a part of the Barrington Coffee Curated Collec…
RB0107,RP074,2025-06-23,234.8,234.8,"This coffee is available exclusively as a part of the Barrington Coffee Curated Collection, four ounces each of three distinguished coffees for $29.95. This selection is produced by Francisca and Osc…"
RB0108,RP090,2024-01-08,112.6,112.6,"This coffee is available exclusively as a part of the Barrington Coffee Curated Collection, four ounces each of three distinguished coffees for $29.95. This rare Nepal coffee is produced by Mingma Do…"
RB0109,RP071,2025-11-23,245.8,245.8,"Produced by Martin Urena of La Chumeca Farm entirely from trees of the respected Red Catuai variety of Arabica. This is a dry-processed or “natural” coffee, meaning the beans were dried inside the fr…"
RB0110,RP168,2025-03-07,209.6,209.6,"This coffee was sourced by the importer Royal Coffee, decaffeinated at the Descamex plant in Mexico by a water-only process that does not involve use of solvents, and sold to roasters under the name…"
RB0111,RP192,2025-09-26,201.8,201.8,"This blend is comprised of four coffees: a washed-processed Guatemala, a honey-processed Honduras, a washed-processed Honduras, and a washed-processed Ethiopia. Kakalove Café is a nano-roaster locate…"
RB0112,RP175,2025-03-05,130.9,130.9,This coffee tied for the third-highest rating in a cupping of Value Coffees for Coffee Review‘s March 2018 tasting report. Southern Ethiopia coffees like this one are produced from distinctive tradit…
RB0113,RP173,2025-04-24,152.1,152.1,This coffee tied for the third-highest rating in a cupping of Value Coffees for Coffee Review‘s March 2018 tasting report. Coffees like this one from the northern part of the Indonesian island of Sum…
RB0114,RP096,2024-02-10,222.6,222.6,This coffee tied for the top rating in a cupping of Value Coffees for Coffee Review‘s March 2018 tasting report. Produced from trees of the admired SL-28 and SL-34 varieties of Arabica. Despite growe…
RB0115,RP114,2025-11-27,198.4,198.4,This coffee tied for the second-highest rating in a cupping of Value Coffees for Coffee Review‘s March 2018 tasting report. Southern Ethiopia coffees like this one are produced from distinctive tradi…
RB0116,RP142,2024-11-24,127.8,127.8,This coffee tied for the second-highest rating in a cupping of Value Coffees for Coffee Review‘s March 2018 tasting report. Southern Ethiopia coffees like this one are produced from distinctive tradi…
RB0117,RP129,2024-06-28,68.9,68.9,This coffee tied for the third-highest rating in a cupping of Value Coffees for Coffee Review‘s March 2018 tasting report. Produced entirely from trees of the Bourbon variety of Arabica. This is a we…
RB0118,RP184,2025-05-22,28.7,28.7,"This all-Africa blend tied for the top rating in a cupping of Value Coffees for Coffee Review‘s March 2018 tasting report. A blend of coffees from Ethiopia, Burundi and Kenya. Allegro Coffee, a subsi…"
RB0119,RP098,2024-02-02,187.5,187.5,This exceptional coffee was selected as the No. 9 coffee on Coffee Review’s list of the Top 30 Coffees of 2018. This coffee tied for the top rating in a cupping of Value Coffees for Coffee Review‘s M…
RB0120,RP106,2025-04-09,127.5,127.5,This coffee tied for the third-highest rating in a cupping of Value Coffees for Coffee Review‘s March 2018 tasting report. Produced from locally naturalized cultivars of the heirloom Bourbon variety…
RB0121,RP109,2024-05-12,136.2,136.2,This exceptional coffee was selected as the No. 3 coffee on Coffee Review’s list of the Top 30 Coffees of 2018. Produced entirely of the heirloom Bourbon variety of Arabica and processed at the Gomba…
RB0122,RP165,2024-08-02,66.9,66.9,"Mocca (also spelled Moka and Mokka) is a famous variety of Arabica that reached Kaanapali, Hawaii from Brazil. Current thinking in the technical coffee community is that it originated in the Reunion…"
RB0123,RP148,2025-09-05,158.3,158.3,"Produced entirely from trees of the Kurume and Welicho varieties of Arabica at Suke Quto farm. Processed by the honey method, which means that the outer skin of the coffee fruit is removed, as it is…"
RB0124,RP169,2025-11-22,216.4,216.4,This coffee tied for the third-highest rating in a cupping of coffees roasted by women for Coffee Review‘s April 2018 tasting report. Yirgacheffe is a coffee region in southern Ethiopia that produces…
RB0125,RP095,2024-09-25,118.2,118.2,This exceptional coffee was selected as the No. 28 coffee on Coffee Review’s list of the Top 30 Coffees of 2018. This coffee tied for the third-highest rating in a cupping of coffees roasted by women…
RB0126,RP153,2024-10-23,127.0,127.0,This coffee tied for the third-highest rating in a cupping of coffees roasted by women for Coffee Review‘s April 2018 tasting report. Produced from trees of the SL28 and SL43 varieties of Arabica and…
RB0127,RP078,2025-02-06,145.1,145.1,This coffee tied for the third-highest rating in a cupping of coffees roasted by women for Coffee Review‘s April 2018 tasting report. Produced by the METAD farm and mill in southern Ethiopia. Souther…
RB0128,RP171,2024-08-12,158.0,158.0,"This coffee tied for the second-highest rating in a cupping of coffees roasted by women for Coffee Review‘s April 2018 tasting report. Although Ethiopia is the botanical home of Coffea arabica, Yemen…"
RB0129,RP099,2025-05-04,219.3,219.3,This exceptional coffee was selected as the No. 22 coffee on Coffee Review’s list of the Top 30 Coffees of 2018. This coffee tied for the second-highest rating in a cupping of coffees roasted by wome…
RB0130,RP195,2025-05-02,113.6,113.6,This coffee tied for the second-highest rating in a cupping of coffees roasted by women for Coffee Review‘s April 2018 tasting report. Coffees like this one from the northern part of the Indonesian i…
RB0131,RP086,2025-05-06,107.6,107.6,This coffee tied for the second-highest rating in a cupping of coffees roasted by women for Coffee Review‘s April 2018 tasting report. Despite challenges ranging from unclear government coffee policy…
RB0132,RP054,2024-12-23,53.8,53.8,This sample earned the highest rating in a cupping of coffees roasted by women for Coffee Review‘s April 2018 tasting report. Produced by Orlando Espina of Finca La Maria entirely from trees of the r…
RB0133,RP098,2025-04-21,54.3,54.3,This coffee tied for the second-highest rating in a cupping of coffees roasted by women for Coffee Review‘s April 2018 tasting report. Southern Ethiopia coffees like this one are produced from distin…
RB0134,RP032,2025-03-16,40.5,40.5,"This exceptional coffee was selected as the No. 5 coffee on Coffee Review’s list of the Top 30 Coffees of 2018. Comprised entirely of beans from the rare Sudan Rume, a presumably very old variety of…"
RB0135,RP168,2024-02-21,49.7,49.7,"Southern Ethiopia coffees like this one are produced from traditional Ethiopian varieties of Arabica long grown in the region. A wet-processed or “washed” coffee, meaning the fruit skin and pulp were…"
RB0136,RP107,2025-02-13,179.8,179.8,"Certified organically grown and produced by members of the the ASCI’SP cooperative from mixed varieties of Arabica. Processed by the conventional wet or “washed” method, in which skin and fruit flesh…"
RB0137,RP154,2024-07-07,130.6,130.6,"Produced by Lambertus Siba Hurek entirely of the Typica variety of Arabica and processed by the Indonesia wet-hulled method. Flores is an island in Indonesia, part of a chain of islands that extends…"
RB0138,RP181,2024-08-21,66.6,66.6,"Produced from trees of the rare Ethiopia-derived botanical variety Gesha (also spelled Geisha). With its elegantly elongated beans and distinctive floral and crisp, often chocolaty cup, the Gesha var…"
RB0139,RP179,2025-06-19,246.2,246.2,"Southern Ethiopia coffees like this one are produced from distinctive traditional Ethiopian varieties of Arabica long grown in the region. Like virtually all southern Ethiopia coffees, this coffee is…"
RB0140,RP036,2024-02-01,40.3,40.3,"Produced from trees of the rare Ethiopia-derived botanical variety Gesha (also spelled Geisha). With its elegantly elongated beans and distinctive floral and crisp, often chocolaty cup, the Gesha var…"
RB0141,RP031,2024-01-12,182.3,182.3,Toarco (TOraja ARabica COffee) is a coffee project in the famous Sulawesi coffee growing region of Toraja developed and financed by Japan’s Key Coffee Company and its Indonesian partners. Toarco coff…
RB0142,RP020,2025-06-23,93.3,93.3,"This exceptional coffee was selected as the No. 23 coffee on Coffee Review’s list of the Top 30 Coffees of 2018. Burundi is a small, landlocked country in Central Africa. Most coffee is grown in the…"
RB0143,RP149,2024-05-06,110.9,110.9,"A blend of coffees from Ethiopia and Indonesia. Roaster Yu Chih Hao is co-founder of Fumi Coffee, a new roaster in Hsinchu, Taiwan specializing in specialty coffee and homemade desserts. Visit https:…"
RB0144,RP144,2024-04-27,48.2,48.2,"This coffee tied for the second-highest rating in a cupping of coffees from Brazil for Coffee Review’s May 2018 tasting report. As a green coffee, it also took seventh place in the 2017 Cup of Excell…"
RB0145,RP032,2024-07-23,138.5,138.5,"This coffee tied for the second-highest rating in a cupping of coffees from Brazil for Coffee Review’s May 2018 tasting report. Produced by the children of Nagipe Viana Klem, founder of Fazenda Klem,…"
RB0146,RP187,2024-11-22,236.1,236.1,This coffee tied for the second-highest rating in a cupping of coffees from Brazil for Coffee Review’s May 2018 tasting report. Produced by Nelson Ribeiro and Luca Allegro from trees of the respected…
RB0147,RP117,2025-09-28,145.8,145.8,This exceptional coffee was selected as the No. 26 coffee on Coffee Review’s list of the Top 30 Coffees of 2018. From the Tumba washing station or wet mill operated by Venustre Mugraneza. Produced fr…
RB0148,RP142,2025-01-15,97.8,97.8,"Produced in the Lintong region south of Lake Toba, one of the oldest and arguably the most admired of Sumatra growing regions. Coffees like this one from the northern part of the Indonesian island of…"
RB0149,RP086,2024-05-25,232.8,232.8,"Burundi is a small, landlocked country in the Great Lakes region of Central Africa. Most coffee is grown in the mountains of the north, bordering Rwanda. Benefiting from ideal growing conditions and…"
RB0150,RP147,2025-01-20,165.4,165.4,"From Cenfrocafe Cooperative in northern Peru. Espresso Republic, founded in 2010, specializes in sourcing quality coffees and roasting them in small batches for both retail and wholesale customers. V…"
RB0151,RP119,2024-08-06,68.6,68.6,"Southern Ethiopia coffees like this one are produced from distinctive traditional Ethiopian varieties of Arabica long grown in the region. Like virtually all southern Ethiopia coffees, this coffee is…"
RB0152,RP076,2024-04-04,162.8,162.8,"An espresso blend comprised of coffees from Ethiopia, Rwanda and Peru. Established in 2010, Red Rooster is an organic-certified micro-roaster focusing on socially conscious coffee and high-quality co…"
RB0153,RP064,2025-10-16,174.1,174.1,"This exceptional coffee was selected as the No. 7 coffee on Coffee Review’s list of the Top 30 Coffees of 2018. Although Ethiopia is the botanical home of Coffea Arabica, Yemen introduced the beverag…"
RB0154,RP041,2024-04-08,224.7,224.7,"Produced from trees of the rare Ethiopia-derived botanical variety, Gesha. With its generally elongated beans and distinctive floral and crisp, often chocolaty cup, the Gesha variety continues to dis…"
RB0155,RP198,2024-03-08,172.9,172.9,"Produced from trees of the rare Ethiopia-derived botanical variety Gesha. With its generally elongated beans and distinctive floral and crisp, often chocolaty cup, the Gesha variety continues to dist…"
RB0156,RP167,2025-04-09,113.5,113.5,This coffee tied for the third-highest rating in a cupping of coffees roasted by women for Coffee Review‘s April 2018 tasting report. Southern Ethiopia coffees like this one are produced from distinc…
RB0157,RP158,2025-08-21,245.4,245.4,"This coffee tied for the third-highest rating in a cupping of coffees roasted by women for Coffee Review‘s April 2018 tasting report. Produced from trees of the Caturra, Catuai and CR 95 varieties of…"
RB0158,RP018,2024-05-08,114.2,114.2,This exceptional coffee was selected as the No. 10 coffee on Coffee Review’s list of the Top 30 Coffees of 2018. This coffee tied for the second-highest rating in a cupping of coffees roasted by wome…
RB0159,RP005,2025-07-30,194.2,194.2,"Produced entirely from trees of the Red Bourbon variety of Arabica and grown on Hula Daddy’s higher farm at 2,500 feet. This presentation is named for co-owner Karen Paterson, whose middle name is Ju…"
RB0160,RP101,2025-03-19,26.7,26.7,This coffee tied for the third-highest rating in a cupping of coffees roasted by women for Coffee Review‘s April 2018 tasting report. Yirgacheffe is a coffee region in southern Ethiopia that produces…
RB0161,RP199,2024-08-15,26.3,26.3,This coffee tied for the third-highest rating in a cupping of coffees roasted by women for Coffee Review‘s April 2018 tasting report. Ka’u is a newly emerged Hawaii coffee-growing district centered a…
RB0162,RP002,2025-12-10,95.3,95.3,This coffee tied for the third-highest rating in a cupping of coffees roasted by women for Coffee Review‘s April 2018 tasting report. Southern Ethiopia coffees like this one are produced from traditi…
RB0163,RP124,2025-08-30,79.8,79.8,This exceptional coffee was selected as the No. 11 coffee on Coffee Review’s list of the Top 30 Coffees of 2018. This coffee earned the second-highest rating in a cupping of coffees from the Great La…
RB0164,RP044,2024-03-29,53.1,53.1,This coffee tied for the third-highest rating in a cupping of coffees from the Great Lakes region of Africa for Coffee Review’s June 2018 tasting report. Produced entirely of the Bourbon variety of A…
RB0165,RP003,2025-10-06,114.3,114.3,"This is not an artificially flavored coffee. The blend name, Signature Hazelnut Dark Chocolate, refers to natural aroma and flavor notes that the blend aims to evoke. Creation Food Co. is a food serv…"
RB0166,RP001,2025-04-07,200.8,200.8,"This is not an artificially flavored coffee. The blend name, Signature Floral Orange, refers to natural aroma and flavor notes that the blend aims to evoke. Creation Food Co. is a food service compan…"
RB0167,RP087,2025-08-18,98.9,98.9,Produced entirely from trees of the bold-beaned Pacamara variety of Arabica by Jose Armando Portillo at Finca El Conrrodal. Conscious Cup Coffee Roasters is an independent and family-owned and operat…
RB0168,RP179,2025-02-17,46.8,46.8,"Produced entirely of the heirloom Bourbon variety of Arabica and processed at the Gomba Washing Station, which works with 2831 registered farmers. JBC Coffee Roasters’ vision is simple: “let the coff…"
RB0169,RP082,2025-05-16,214.0,214.0,"A blend of natural-processed Ethiopia Hambela and pulped natural Brazil coffees. Modern Times is a well-loved, exuberantly inventive Point Loma, San Diego brewery that has long specialized in coffee-…"
RB0170,RP056,2025-05-14,244.7,244.7,"Despite grower discontent and urban encroachment on prime coffee lands, Kenya continues to produce some of the world’s most elegant and distinctive coffees. Green Stone Coffee is a woman-owned artisa…"
RB0171,RP005,2025-06-06,117.4,117.4,"Despite grower discontent and urban encroachment on prime coffee lands, Kenya continues to produce some of the world’s most elegant and distinctive coffees. Direct Coffee, founded in 2005, is a roast…"
RB0172,RP047,2024-06-05,155.3,155.3,"Produced from trees of the rare Ethiopia-derived botanical variety Gesha (also spelled Geisha) by Pablo Guerrero. With its generally elongated beans and distinctive floral and crisp, often chocolaty…"
RB0173,RP162,2025-06-16,209.1,209.1,"Burundi is a small, landlocked country in the Great Lakes region of Central Africa. Most coffee is grown in the mountains of the north, bordering Rwanda. Benefiting from ideal growing conditions and…"
RB0174,RP129,2025-02-02,234.5,234.5,"Produced by Hipolito Vincente Enrique at Finca Mirador entirely from trees of the Castillo variety of Arabica. Founded in 1990, Lexington Coffee is an award-winning artisan roasting company based in…"
RB0175,RP140,2025-12-05,86.3,86.3,"Produced from trees of the admired SL-28 and SL-34 varieties of Arabica. Despite grower discontent, contested government coffee policy and urban encroachment on prime coffee lands, the famed Kenya co…"
RB0176,RP178,2024-11-25,109.3,109.3,This coffee tied for the third-highest rating in a cupping of coffees from Brazil for Coffee Review’s May 2018 tasting report. Produced entirely from trees of the Yellow Bourbon variety of Arabica by…
RB0177,RP072,2024-08-21,109.4,109.4,This coffee tied for the third-highest rating in a cupping of coffees from Brazil for Coffee Review’s May 2018 tasting report. Produced on Fazenda Santa Tereza by Isley de Alancar Jr. with assistance…
RB0178,RP062,2025-10-13,137.4,137.4,This coffee tied for the third-highest rating in a cupping of coffees from Brazil for Coffee Review’s May 2018 tasting report. It was produced from trees of the respected Mundo Novo and Red Catuai va…
RB0179,RP041,2025-06-03,111.3,111.3,This coffee tied for the fourth-highest rating in a cupping of coffees from Brazil for Coffee Review’s May 2018 tasting report. The large and technically advanced Ipanema farms are well-situated in t…
RB0180,RP129,2025-02-14,168.3,168.3,"This coffee tied for the highest rating in a cupping of coffees from Brazil for Coffee Review’s May 2018 tasting report. Produced by Luis Carlos Gomes of São Bento farm, a medium-sized farm in the Su…"
RB0181,RP032,2024-11-02,102.6,102.6,This coffee tied for the highest rating in a cupping of coffees from Brazil for Coffee Review’s May 2018 tasting report. Processed by the pulped natural method (called the “honey” method in Central A…
RB0182,RP032,2025-07-14,185.1,185.1,This coffee tied for the second-highest rating in a cupping of coffees from Brazil for Coffee Review’s May 2018 tasting report. Processed by the pulped natural (the Brazilian term) or honey (the Cent…
RB0183,RP095,2025-12-14,175.9,175.9,Coffees like this one from the celebrated Yirgacheffe region are largely produced from distinctive traditional Ethiopian varieties of Arabica long grown in the region. This is a dry-processed or “nat…
RB0184,RP103,2025-07-01,159.5,159.5,"The Curve Coffee Roasting Co. holds classes authorized by the Specialty Coffee Association, as well as roasting and selling around 30 specialty coffees, including rare Taiwan origins. Visit www.thecu…"
RB0185,RP060,2024-04-12,137.5,137.5,"The Gakui wet mill is part of the Gakundu Farmers Cooperative Society, which consists of four wet mills in total. Produced from trees of the admired heirloom SL28 and SL34 varieties of Arabica, as we…"
RB0186,RP158,2025-08-28,32.2,32.2,"Coffees like this one from the celebrated Yirgacheffe region are largely produced from traditional Ethiopian varieties of Arabica long grown in the region. This is a wet-processed or “washed” coffee,…"
RB0187,RP193,2024-11-23,101.2,101.2,Coffees like this one from the northern part of the Indonesian island of Sumatra are valued for their complex earth and fruit notes that appear to result largely from unorthodox fruit removal and dry…
RB0188,RP084,2025-08-12,117.3,117.3,"Evaluated as espresso. Floral-toned, deeply sweet. Lilac, toffee, black cherry, cedar, orange zest in aroma and small cup. Crisp, satiny mouthfeel; gently drying finish carried by notes of toffee and…"
RB0189,RP163,2025-05-12,243.1,243.1,This coffee tied for the fourth-highest rating in a cupping of coffees from the Great Lakes region of Africa for Coffee Review’s June 2018 tasting report. Produced by Ben and Christy Carlson of Long…
RB0190,RP006,2024-07-21,249.6,249.6,This coffee tied for the fourth-highest rating in a cupping of coffees from the Great Lakes region of Africa for Coffee Review’s June 2018 tasting report. Produced entirely of the heirloom Bourbon va…
RB0191,RP095,2024-02-22,206.6,206.6,"This coffee tied for the fourth-highest rating in a cupping of coffees from the Great Lakes region of Africa for Coffee Review’s June 2018 tasting report. Processed by the honey method, which means t…"
RB0192,RP024,2024-06-28,207.8,207.8,This coffee tied for the fifth-highest rating in a cupping of coffees from the Great Lakes region of Africa for Coffee Review’s June 2018 tasting report. Produced entirely from trees of the Bourbon v…
RB0193,RP106,2024-01-05,187.1,187.1,This coffee tied for the fifth-highest rating in a cupping of coffees from the Great Lakes region of Africa for Coffee Review’s June 2018 tasting report. Produced entirely of the Bourbon variety of A…
RB0194,RP191,2025-08-06,138.0,138.0,"This coffee tied for the fifth-highest rating in a cupping of coffees from the Great Lakes region of Africa for Coffee Review’s June 2018 tasting report. Produced from the SL14, SL28 and Bugisu local…"
RB0195,RP146,2024-10-02,194.9,194.9,This coffee tied for the third-highest rating in a cupping of coffees from the Great Lakes region of Africa for Coffee Review’s June 2018 tasting report. Produced by Ben and Christy Carlson of Long M…
RB0196,RP083,2024-06-15,155.1,155.1,This coffee tied for the third-highest rating in a cupping of coffees from the Great Lakes region of Africa for Coffee Review’s June 2018 tasting report. Benefiting from ideal growing conditions and…
RB0197,RP079,2025-08-06,66.4,66.4,This coffee tied for the fourth-highest rating in a cupping of coffees from the Great Lakes region of Africa for Coffee Review’s June 2018 tasting report. Produced by Ben and Christy Carlson of Long…
RB0198,RP137,2025-05-29,75.4,75.4,This coffee tied for the fourth-highest rating in a cupping of coffees from the Great Lakes region of Africa for Coffee Review’s June 2018 tasting report. Produced by Ben and Christy Carlson of Long…
RB0199,RP115,2025-09-21,147.9,147.9,This coffee earned the highest rating in a cupping of coffees from the Great Lakes region of Africa for Coffee Review’s June 2018 tasting report. Produced from the admired Bourbon and Kent varieties…
RB0200,RP050,2025-05-07,137.3,137.3,"Produced by Ben and Christy Carlson of Long Miles Coffee Project in Burundi, and processed by the red honey method. With all honey processing methods, some sweet pulp or fruit flesh (“honey”) is allo…"
