supplierID,supplierName,contactEmail,phone
S001,metad agricultural developmet plc,contact@metad.agricultural.developmet.plc.example.com,+1-555-3201
S002,grounds for health admin,contact@grounds.for.health.admin.example.com,+1-555-2033
S003,yidnekachew debessa coffee plantation,contact@yidnekachew.debessa.coffee.plantation.example.com,+1-555-5179
S004,ji-ae ahn,contact@ji.ae.ahn.example.com,+1-555-2931
S005,richmond investment-coffee department,contact@richmond.investment.coffee.department.example.com,+1-555-9117
S006,ethiopia commodity exchange,contact@ethiopia.commodity.exchange.example.com,+1-555-8364
S007,diamond enterprise plc,contact@diamond.enterprise.plc.example.com,+1-555-8737
S008,fahem coffee plantation,contact@fahem.coffee.plantation.example.com,+1-555-7219
S009,coffee quality institute,contact@coffee.quality.institute.example.com,+1-555-4439
S010,yunnan coffee exchange,contact@yunnan.coffee.exchange.example.com,+1-555-2537
S011,essence coffee,contact@essence.coffee.example.com,+1-555-8993
S012,the coffee source inc.,contact@the.coffee.source.inc.example.com,+1-555-1464
S013,roberto licona franco,contact@roberto.licona.franco.example.com,+1-555-7386
S014,nucoffee,contact@nucoffee.example.com,+1-555-8090
S015,kabum trading company,contact@kabum.trading.company.example.com,+1-555-1034
S016,cigrah s.a de c.v,contact@cigrah.s.a.de.c.v.example.com,+1-555-8297
S017,taiwan coffee laboratory,contact@taiwan.coffee.laboratory.example.com,+1-555-5363
S018,nora zeas,contact@nora.zeas.example.com,+1-555-4748
S019,specialty coffee-korea,contact@specialty.coffee.korea.example.com,+1-555-2674
S020,exclusive coffees s.a.,contact@exclusive.coffees.s.a.example.com,+1-555-6200
S021,haider abamecha coffee export,contact@haider.abamecha.coffee.export.example.com,+1-555-1501
S022,c dorman ltd,contact@c.dorman.ltd.example.com,+1-555-1365
S023,kona pacific farmers cooperative,contact@kona.pacific.farmers.cooperative.example.com,+1-555-1416
S024,lanna cafe,contact@lanna.cafe.example.com,+1-555-9870
S025,jacques pereira carneiro,contact@jacques.pereira.carneiro.example.com,+1-555-1150
S026,keremara limited,contact@keremara.limited.example.com,+1-555-7245
S027,ucda,contact@ucda.example.com,+1-555-4548
S028,lusso coffee lab,contact@lusso.coffee.lab.example.com,+1-555-7915
S029,kawacom uganda ltd,contact@kawacom.uganda.ltd.example.com,+1-555-1475
S030,"unex guatemala, s.a.",contact@unex.guatemala.s.a.example.com,+1-555-9644
S031,exportadora de cafe condor s.a,contact@exportadora.de.cafe.condor.s.a.example.com,+1-555-4632
S032,ce specialty s.a.,contact@ce.specialty.s.a.example.com,+1-555-8174
S033,ibrahim hussien specality coffee product & exporter,contact@ibrahim.hussien.specality.coffee.product.example.com,+1-555-9123
S034,sertrasa,contact@sertrasa.example.com,+1-555-4818
S035,unicafe,contact@unicafe.example.com,+1-555-6663
S036,seid damtew coffee planation,contact@seid.damtew.coffee.planation.example.com,+1-555-4782
S037,sustainable harvest,contact@sustainable.harvest.example.com,+1-555-4584
S038,cqi,contact@cqi.example.com,+1-555-8530
S039,atlantic specialty coffee,contact@atlantic.specialty.coffee.example.com,+1-555-5747
S040,assefa belay coffee producer,contact@assefa.belay.coffee.producer.example.com,+1-555-1352
S041,kyagalanyi coffee ltd,contact@kyagalanyi.coffee.ltd.example.com,+1-555-7818
S042,exportcafe,contact@exportcafe.example.com,+1-555-2638
S043,great lakes coffee,contact@great.lakes.coffee.example.com,+1-555-4045
S044,rashid moledina & co. (msa) ltd,contact@rashid.moledina.co.msa.ltd.example.com,+1-555-5856
S045,ibero kenya limited,contact@ibero.kenya.limited.example.com,+1-555-2980
S046,ecom cca sa,contact@ecom.cca.sa.example.com,+1-555-6450
S047,"nomura trading co., ltd.",contact@nomura.trading.co.ltd.example.com,+1-555-9205
S048,carcafe ltda,contact@carcafe.ltda.example.com,+1-555-7915
S049,the specialty coffee appraisers institute of asia,contact@the.specialty.coffee.appraisers.institut.example.com,+1-555-9318
S050,racafe & cia s.c.a,contact@racafe.cia.s.c.a.example.com,+1-555-4110
S051,bold coast coffee,contact@bold.coast.coffee.example.com,+1-555-5970
S052,"cafetal el equimite, rancho agroecológico, s.p.r. de r.l.",contact@cafetal.el.equimite.rancho.agroecol.gico.example.com,+1-555-5655
S053,young kim,contact@young.kim.example.com,+1-555-9181
S054,carl walker,contact@carl.walker.example.com,+1-555-9278
S055,taylor winch (t) ltd,contact@taylor.winch.t.ltd.example.com,+1-555-7444
S056,artemio zapata tejeda,contact@artemio.zapata.tejeda.example.com,+1-555-1565
S057,brian speckman,contact@brian.speckman.example.com,+1-555-8868
S058,philip schluter,contact@philip.schluter.example.com,+1-555-4977
S059,matsuzawa coffee,contact@matsuzawa.coffee.example.com,+1-555-7623
S060,cadexsa,contact@cadexsa.example.com,+1-555-7788
S061,cafetalera del pacifico,contact@cafetalera.del.pacifico.example.com,+1-555-3834
S062,pt. shriya artha nusantara,contact@pt.shriya.artha.nusantara.example.com,+1-555-7014
S063,panamerican coffee trading,contact@panamerican.coffee.trading.example.com,+1-555-9991
S064,"waelti schoenfeld exportadores de cafe, s.a.",contact@waelti.schoenfeld.exportadores.de.cafe.s.example.com,+1-555-7139
S065,coopetarrazú.r.l,contact@coopetarraz.r.l.example.com,+1-555-2416
S066,coricafe s.a.,contact@coricafe.s.a.example.com,+1-555-8191
S067,thrive farmers,contact@thrive.farmers.example.com,+1-555-9330
S068,blossom valley宸嶧國際,contact@blossom.valley.example.com,+1-555-2768
S069,dream together inc.,contact@dream.together.inc.example.com,+1-555-3682
S070,organizaciones de productores de cafe colimense sa de cv,contact@organizaciones.de.productores.de.cafe.co.example.com,+1-555-9535
S071,ugacof ltd,contact@ugacof.ltd.example.com,+1-555-7443
S072,benjamin schmerler,contact@benjamin.schmerler.example.com,+1-555-7070
S073,"armajaro guatemala, s. a.",contact@armajaro.guatemala.s.a.example.com,+1-555-9023
S074,taylor winch (coffee) ltd,contact@taylor.winch.coffee.ltd.example.com,+1-555-1484
S075,beneficios volcafé costa rica,contact@beneficios.volcaf.costa.rica.example.com,+1-555-8689
S076,federacion nacional de cafeteros,contact@federacion.nacional.de.cafeteros.example.com,+1-555-1712
S077,"puer jiangcheng fuwang coffee biotechnology co., ltd",contact@puer.jiangcheng.fuwang.coffee.biotechnol.example.com,+1-555-6054
S078,dream together co. ltd,contact@dream.together.co.ltd.example.com,+1-555-7448
S079,maria imelda uscanga martinez,contact@maria.imelda.uscanga.martinez.example.com,+1-555-3791
S080,ecomtrading,contact@ecomtrading.example.com,+1-555-3762
S081,"transcafe, s.a",contact@transcafe.s.a.example.com,+1-555-9228
S082,daniel friedlander,contact@daniel.friedlander.example.com,+1-555-4718
S083,alexandra katona-carroll,contact@alexandra.katona.carroll.example.com,+1-555-1201
S084,pt. olam indonesia,contact@pt.olam.indonesia.example.com,+1-555-4268
S085,tropica galliard,contact@tropica.galliard.example.com,+1-555-9841
S086,finca hamburgo,contact@finca.hamburgo.example.com,+1-555-9983
S087,skn caribecafe ltda,contact@skn.caribecafe.ltda.example.com,+1-555-4803
S088,victor hugo melchor cordova,contact@victor.hugo.melchor.cordova.example.com,+1-555-7626
S089,"siembras vision, s.a.",contact@siembras.vision.s.a.example.com,+1-555-9417
S090,tembo coffee company ltd,contact@tembo.coffee.company.ltd.example.com,+1-555-6633
S091,carajillo café sa de cv,contact@carajillo.caf.sa.de.cv.example.com,+1-555-6788
S092,manuel herrera juarez,contact@manuel.herrera.juarez.example.com,+1-555-8522
S093,bukonzo joint cfs,contact@bukonzo.joint.cfs.example.com,+1-555-5411
S094,exclusive coffee - costa rica,contact@exclusive.coffee.costa.rica.example.com,+1-555-9978
S095,cafcom,contact@cafcom.example.com,+1-555-1093
S096,cooperativa el gorrion r.l,contact@cooperativa.el.gorrion.r.l.example.com,+1-555-7286
S097,cafebras comercio de cafés do brasil sa,contact@cafebras.comercio.de.caf.s.do.brasil.sa.example.com,+1-555-9396
S098,"ceca,s.a.",contact@ceca.s.a.example.com,+1-555-3117
S099,asefa dukamo coffee plantetion,contact@asefa.dukamo.coffee.plantetion.example.com,+1-555-9498
S100,selian coffee estate,contact@selian.coffee.estate.example.com,+1-555-4366
S101,olam international ltd,contact@olam.international.ltd.example.com,+1-555-7981
S102,volcafe specialty coffee,contact@volcafe.specialty.coffee.example.com,+1-555-1919
S103,café do paraíso,contact@caf.do.para.so.example.com,+1-555-8882
S104,pt. royal pacific indah international,contact@pt.royal.pacific.indah.international.example.com,+1-555-6975
S105,andres martinez leon,contact@andres.martinez.leon.example.com,+1-555-4274
S106,ipanema coffees,contact@ipanema.coffees.example.com,+1-555-9269
S107,mae fah luang foundation,contact@mae.fah.luang.foundation.example.com,+1-555-7773
S108,doi tung development project,contact@doi.tung.development.project.example.com,+1-555-8945
S109,cafes tomari sa de cv,contact@cafes.tomari.sa.de.cv.example.com,+1-555-6845
S110,intercof 1978 group company limited,contact@intercof.1978.group.company.limited.example.com,+1-555-7789
S111,宸嶧國際,contact@supplier.example.com,+1-555-6670
S112,agro xicotepec 2000,contact@agro.xicotepec.2000.example.com,+1-555-1025
S113,yasmin coffee plantation plc,contact@yasmin.coffee.plantation.plc.example.com,+1-555-9822
S114,sultana del cafe inc.,contact@sultana.del.cafe.inc.example.com,+1-555-9849
S115,filemon mendoza campos,contact@filemon.mendoza.campos.example.com,+1-555-6425
S116,exportadora de cafés carmo de minas ltda,contact@exportadora.de.caf.s.carmo.de.minas.ltda.example.com,+1-555-8506
S117,doi chaang coffee company,contact@doi.chaang.coffee.company.example.com,+1-555-1458
S118,nile highlands arabica coffee farmers,contact@nile.highlands.arabica.coffee.farmers.example.com,+1-555-4761
S119,"hacienda alto grande, llc.",contact@hacienda.alto.grande.llc.example.com,+1-555-3903
S120,saul m. hernandez ramirez,contact@saul.m.hernandez.ramirez.example.com,+1-555-3961
S121,carcafe ltda ci,contact@carcafe.ltda.ci.example.com,+1-555-2500
S122,"comercial internacional exportadora, s.a.",contact@comercial.internacional.exportadora.s.a.example.com,+1-555-5182
S123,olam specialty coffee,contact@olam.specialty.coffee.example.com,+1-555-1531
S124,juan luis ortega carballo,contact@juan.luis.ortega.carballo.example.com,+1-555-2154
S125,scai,contact@scai.example.com,+1-555-2363
S126,exportadora café california,contact@exportadora.caf.california.example.com,+1-555-1273
S127,bulamburi coffee farmers association,contact@bulamburi.coffee.farmers.association.example.com,+1-555-8421
S128,c.i.racafe & cia s.c.a,contact@c.i.racafe.cia.s.c.a.example.com,+1-555-1238
S129,tawoca,contact@tawoca.example.com,+1-555-5607
S130,debesa agro industry plc,contact@debesa.agro.industry.plc.example.com,+1-555-5088
S131,cigrah,contact@cigrah.example.com,+1-555-5401
S132,finca los barreales,contact@finca.los.barreales.example.com,+1-555-2793
S133,estrategias constructivas corzu s.a. de c.v.,contact@estrategias.constructivas.corzu.s.a.de.c.example.com,+1-555-4024
S134,gabriel bernardo rivas ross,contact@gabriel.bernardo.rivas.ross.example.com,+1-555-6643
S135,kanematsu corporation / rnp santo tomas pachuj,contact@kanematsu.corporation.rnp.santo.tomas.pa.example.com,+1-555-5756
S136,coffee resources inc.,contact@coffee.resources.inc.example.com,+1-555-2138
S137,specialty coffee association of indonesia,contact@specialty.coffee.association.of.indonesi.example.com,+1-555-3743
S138,bugisu cooperative union,contact@bugisu.cooperative.union.example.com,+1-555-3615
S139,consejo salvadoreño del café,contact@consejo.salvadore.o.del.caf.example.com,+1-555-5181
S140,bourbon specialty coffees,contact@bourbon.specialty.coffees.example.com,+1-555-9640
S141,ngila estate ltd,contact@ngila.estate.ltd.example.com,+1-555-3754
S142,mondul coffee estate,contact@mondul.coffee.estate.example.com,+1-555-5471
S143,"café andrade, s.a. de c.v.",contact@caf.andrade.s.a.de.c.v.example.com,+1-555-5824
S144,itiah coffee llc.,contact@itiah.coffee.llc.example.com,+1-555-8449
S145,cafe de don balbino s.c. de r.l. de c.v.,contact@cafe.de.don.balbino.s.c.de.r.l.de.c.v.example.com,+1-555-6275
S146,mercon guatemala s.a.,contact@mercon.guatemala.s.a.example.com,+1-555-9134
S147,productos y servicios chilindron s.a. de c.v.,contact@productos.y.servicios.chilindron.s.a.de..example.com,+1-555-8762
S148,"finca triunfo verde, s.c.",contact@finca.triunfo.verde.s.c.example.com,+1-555-2870
S149,finca teocelo,contact@finca.teocelo.example.com,+1-555-1387
S150,modesto landeros flores,contact@modesto.landeros.flores.example.com,+1-555-6111
S151,volcafe/taylorwinch tanzania ltd,contact@volcafe.taylorwinch.tanzania.ltd.example.com,+1-555-7333
S152,prodlesur sa,contact@prodlesur.sa.example.com,+1-555-6625
S153,"sunvirtue co., ltd.",contact@sunvirtue.co.ltd.example.com,+1-555-7896
S154,tutunze kahawa ltd,contact@tutunze.kahawa.ltd.example.com,+1-555-4080
S155,green mountain coffee,contact@green.mountain.coffee.example.com,+1-555-5233
S156,"olam honduras, s.a.",contact@olam.honduras.s.a.example.com,+1-555-2781
S157,"agricola nueva granada, s.a.",contact@agricola.nueva.granada.s.a.example.com,+1-555-5152
S158,cesmach s.c.,contact@cesmach.s.c.example.com,+1-555-9357
S159,fernando mendoza aparicio,contact@fernando.mendoza.aparicio.example.com,+1-555-4425
S160,finca las nubes,contact@finca.las.nubes.example.com,+1-555-8072
S161,chris finch,contact@chris.finch.example.com,+1-555-1341
S162,ucfa,contact@ucfa.example.com,+1-555-4692
S163,atlantica eportacao e importcao ltda,contact@atlantica.eportacao.e.importcao.ltda.example.com,+1-555-1292
S164,star cafe ltd,contact@star.cafe.ltd.example.com,+1-555-7509
S165,rosa aurora falcon fernandez,contact@rosa.aurora.falcon.fernandez.example.com,+1-555-3399
S166,finca la estancia,contact@finca.la.estancia.example.com,+1-555-1578
S167,"nuevos mercados, s.a.",contact@nuevos.mercados.s.a.example.com,+1-555-3625
S168,soc. coop. cuzcachapa de r.l.,contact@soc.coop.cuzcachapa.de.r.l.example.com,+1-555-8301
S169,belayneh kindie,contact@belayneh.kindie.example.com,+1-555-9295
S170,hineleban foundation,contact@hineleban.foundation.example.com,+1-555-7990
S171,ephemera traders,contact@ephemera.traders.example.com,+1-555-9924
S172,"tony's coffee and teas, inc.",contact@tony.s.coffee.and.teas.inc.example.com,+1-555-4614
S173,expocaccer,contact@expocaccer.example.com,+1-555-9463
S174,nyapea coffee farmers association,contact@nyapea.coffee.farmers.association.example.com,+1-555-8386
S175,maria guadalupe gomez anzo,contact@maria.guadalupe.gomez.anzo.example.com,+1-555-4656
S176,royal base corporation,contact@royal.base.corporation.example.com,+1-555-9583
S177,union de ejidos san fernando de ri,contact@union.de.ejidos.san.fernando.de.ri.example.com,+1-555-1502
S178,bufcoffee ltd,contact@bufcoffee.ltd.example.com,+1-555-7470
S179,"coffeebythebag.com , inc.",contact@coffeebythebag.com.inc.example.com,+1-555-6263
S180,tcb,contact@tcb.example.com,+1-555-7984
S181,beneficio custepec s.a. de c.v.,contact@beneficio.custepec.s.a.de.c.v.example.com,+1-555-1963
S182,inmobiliaria e inversiones dos mil s.a.,contact@inmobiliaria.e.inversiones.dos.mil.s.a.example.com,+1-555-5892
S183,soc. coop. de caf. de ciudad barrios de r.l.,contact@soc.coop.de.caf.de.ciudad.barrios.de.r.l.example.com,+1-555-3059
S184,mzuzu coffee planters coop union,contact@mzuzu.coffee.planters.coop.union.example.com,+1-555-4475
S185,coffee export,contact@coffee.export.example.com,+1-555-1777
S186,sergio de la vequia bernardi,contact@sergio.de.la.vequia.bernardi.example.com,+1-555-6019
S187,cafe shunuc,contact@cafe.shunuc.example.com,+1-555-2158
S188,ecom cca s.a.,contact@ecom.cca.s.a.example.com,+1-555-2252
S189,hacienda la esmeralda,contact@hacienda.la.esmeralda.example.com,+1-555-6084
S190,finca kassandra,contact@finca.kassandra.example.com,+1-555-5880
S191,nitin coffee estate,contact@nitin.coffee.estate.example.com,+1-555-3592
S192,afca,contact@afca.example.com,+1-555-7818
S193,"coffeas co., ltd",contact@coffeas.co.ltd.example.com,+1-555-5134
S194,finca medina,contact@finca.medina.example.com,+1-555-3136
S195,cafe montegrande,contact@cafe.montegrande.example.com,+1-555-1138
S196,grupo cafetalero los brujos,contact@grupo.cafetalero.los.brujos.example.com,+1-555-1621
S197,george a. fernandez,contact@george.a.fernandez.example.com,+1-555-4565
S198,volcafe ltda.,contact@volcafe.ltda.example.com,+1-555-8550
S199,pt. sari makmur tunggal mandiri,contact@pt.sari.makmur.tunggal.mandiri.example.com,+1-555-3810
S200,s&d coffee and tea,contact@s.d.coffee.and.tea.example.com,+1-555-9337
